名前,タイプ,分類,威力,ダイ,命中,PP,直接,守る,対象,効果
Gのちから,くさ,物理,80,130,100,10,×,○,1体選択,100%の確率で相手の『ぼうぎょ』ランクを1段階下げる。場が『じゅうりょく』状態の時、威力が1.5倍になる。
アームハンマー,かくとう,物理,100,90,90,10,○,○,1体選択,攻撃後、自分の『すばやさ』ランクが1段階下がる。特性『てつのこぶし』の時、威力が1.2倍になる。
アイアンテール,はがね,物理,100,130,75,15,○,○,1体選択,30%の確率で相手の『ぼうぎょ』ランクを1段階下げる。
アイアンヘッド,はがね,物理,80,130,100,15,○,○,1体選択,30%の確率で相手をひるませる。
アイアンローラー,はがね,物理,130,140,100,5,○,○,場の状態『グラスフィールド』『ミストフィールド』『エレキフィールド』『サイコフィールド』を解除し、元に戻す。いずれの状態でもない時は技が失敗する。
あおいほのお,ほのお,特殊,130,140,85,5,×,○,1体選択,20%の確率で相手を『やけど』状態にする。
アクアジェット,みず,物理,40,90,100,20,○,○,1体選択,必ず先制できる(優先度:+1)。
アクアテール,みず,物理,90,130,90,10,○,○,1体選択,通常攻撃。
アクアブレイク,みず,物理,85,130,100,10,○,○,1体選択,20%の確率で、相手の『ぼうぎょ』ランクを1段階下げる。
アクアリング,みず,変化,-,-,-,20,×,×,自分,使用後、毎ターン、HPが最大HPの1/16ずつ回復する。
アクセルロック,いわ,物理,40,90,100,20,○,○,1体選択,必ず先制できる(優先度:+1)。
あくのはどう,あく,特殊,80,130,100,15,×,○,1体選択,20%の確率で相手をひるませる。
あくび,ノーマル,変化,-,-,-,10,×,○,1体選択,次のターン終了時に相手を2～4ターン(実質1～3ターン)の間『ねむり』状態にする。ただし、そのポケモンが交代されると効果は消える。
アクロバット,ひこう,物理,55,110,100,15,○,○,1体選択,自分が道具を持っていない時、威力が2倍になる。
あさのひざし,ノーマル,変化,-,-,-,5,×,×,自分,HPが、天気が通常の時は最大HPの1/2、『ひざしがつよい』の時は最大HPの2/3、『あめ』『あられ』『すなあらし』の時は最大HPの1/4回復する。
アシストギア,はがね,変化,-,-,-,20,×,×,味方全体,味方の特性『プラス』『マイナス』のポケモンの『こうげき』『とくこう』を1段階ずつ上げる。
アシストパワー,エスパー,特殊,20,130,100,10,×,○,1体選択,自分のいずれかの能力ランクが1つ上がる度に威力が20上がる。
アシッドボム,どく,特殊,40,70,100,20,×,○,1体選択,100%の確率で相手の『とくぼう』ランクを2段階下げる。
あてみなげ,かくとう,物理,70,85,-,10,○,○,1体選択,必ず後攻になるが(優先度:-1)、自分の命中率、相手の回避率に関係なく必ず命中する。
あなをほる,じめん,物理,80,130,100,10,○,○,1体選択,1ターン目に地中に潜り、2ターン目に攻撃する。地中にいる間は『じしん』『マグニチュード』以外の技を受けない。
あばれる,ノーマル,物理,120,140,100,10,○,○,ランダム1体,2～3ターン連続で攻撃し、その後自分は1～4ターンの間『こんらん』状態になる。
アフロブレイク,ノーマル,物理,120,140,100,15,○,○,相手に与えたダメージの1/4を自分も受ける。
あまいかおり,ノーマル,変化,-,-,100,20,×,○,相手全体,相手の回避率を2段階下げる。(第6世代までは草むらなどフィールドで使うと野生のポケモンが出現。第6世代では群れバトル発生)
あまえる,フェアリー,変化,-,-,100,20,×,○,1体選択,相手の『こうげき』ランクを2段階下げる。
あまごい,みず,変化,-,-,-,5,×,×,全体の場,5ターンの間、天気を『あめ』にする。
あやしいひかり,ゴースト,変化,-,-,100,10,×,○,1体選択,相手を1～4ターンの間『こんらん』状態にする。
あられ,こおり,変化,-,-,-,10,×,×,全体の場,5ターンの間、天気を『あられ』にする。
アロマセラピー,くさ,変化,-,-,-,5,×,×,味方全体,すべての味方のポケモンの状態異常を治す。
アロマミスト,フェアリー,変化,-,-,-,20,×,×,味方1体,味方1体の『とくぼう』を1段階上げる。ダブルバトル用。
アンカーショット,はがね,物理,80,130,100,20,○,○,1体選択,相手は逃げたり、交代できなくなる。自分が場を離れると効果は消える。
アンコール,ノーマル,変化,-,-,100,5,×,○,1体選択,3ターンの間、相手は最後に使用した技しか使えなくなる。ただし、PPが0になると解除される。ダイマックスしているポケモンには無効。なお、ダイマックス技や第7世代のZワザは影響を受けずに使うことができる。
あんこくきょうだ,あく,物理,80,130,100,5,○,○,必ず急所に当たる。特性『てつのこぶし』の時、威力が1.2倍になる。
いあいぎり,ノーマル,物理,50,100,95,30,○,○,1体選択,通常攻撃。
いえき,どく,変化,-,-,100,10,×,○,1体選択,相手の特性を無効にする。ただし、『バトルスイッチ』『ばけのかわ』などフォルムに関わる特性や、一部の固有の特性などには効かない。
イカサマ,あく,物理,95,130,100,15,○,○,1体選択,自分の『こうげき』ではなく、相手の『こうげき』の能力値でダメージ計算する。
いかりのこな,むし,変化,-,-,-,20,×,×,自分,必ず先制できる(優先度:+2)。そのターンの相手の技をすべて自分が受ける。ただし、全体技には効果がない。『くさ』タイプや特性『ぼうじん』、道具『ぼうじんゴーグル』を持っているポケモンには無効。ダブルバトル用。
いかりのまえば,ノーマル,物理,-,100,90,10,○,○,1体選択,相手のHPを残りHPの半分にする。
いたみわけ,ノーマル,変化,-,-,-,20,×,○,1体選択,自分と相手のHPを2匹の残りHPの平均値にする。(足して2で割る)
いちゃもん,あく,変化,-,-,100,15,×,○,1体選択,使用後、相手は同じ技を連続で出せなくなる。ダイマックスしている相手には無効。
いとをはく,むし,変化,-,-,95,40,×,○,相手全体,相手の『すばやさ』ランクを2段階下げる。
いのちがけ,かくとう,特殊,-,100,100,5,×,○,1体選択,自分のHPを0にし、その分のダメージを相手に与える。
いのちのしずく,みず,変化,-,-,-,10,×,×,味方全体,自分と味方全体のHPをそれぞれ最大HPの1/4ずつ回復する。特性『ちょすい』『よびみず』の味方は特性が発動するため、この技の効果は無効。
いばる,ノーマル,変化,-,-,85,15,×,○,1体選択,相手を1～4ターンの間『こんらん』状態にするが、相手の『こうげき』ランクを2段階上げてしまう。(第6世代は命中率:90)
いびき,ノーマル,特殊,50,100,100,15,×,○,1体選択,自分が『ねむり』状態の時のみ使用可能。30%の確率で相手をひるませる。音系の技。相手の『みがわり』状態を貫通する。
いやしのすず,ノーマル,変化,-,-,-,5,×,×,味方全体,すべての味方のポケモンの状態異常を治す。音系の技。味方が『みがわり』状態でも効果が発生する。
いやしのねがい,エスパー,変化,-,-,-,10,×,×,自分,自分が『ひんし』になる代わりに、次に出す自分のポケモンの状態異常とHPが全回復する。
いやしのはどう,エスパー,変化,-,-,-,10,×,○,1体選択,相手は最大HPの1/2回復する。(ダブルバトルで味方に使うと良い)
いやなおと,ノーマル,変化,-,-,85,40,×,○,1体選択,相手の『ぼうぎょ』ランクを2段階下げる。音系の技。相手の『みがわり』状態を貫通する。
いわおとし,いわ,物理,50,100,90,15,×,○,1体選択,通常攻撃。
いわくだき,かくとう,物理,40,70,100,15,○,○,1体選択,50%の確率で相手の『ぼうぎょ』ランクを1段階下げる。
いわなだれ,いわ,物理,75,130,90,10,×,○,相手全体,30%の確率で相手をひるませる。
インファイト,かくとう,物理,120,95,100,5,○,○,1体選択,攻撃後、自分の『ぼうぎょ』『とくぼう』ランクが1段階ずつ下がる。
ウェザーボール,ノーマル,特殊,50,130,100,10,×,○,1体選択,天気が『ひざしがつよい』の時は『ほのお』タイプ、『あめ』の時は『みず』タイプ、『あられ』の時は『こおり』タイプ、『すなあらし』の時は『いわ』タイプになり、威力が2倍になる。ダイマックス技や第7世代のZワザもタイプが変わる。
うずしお,みず,特殊,35,90,85,15,×,○,1体選択,4～5ターンの間、毎ターン終了後最大HPの1/8のダメージを与え、その間相手は逃げたり交代できない。相手が『ダイビング』を使っている時でも命中し、ダメージが2倍になる。
うそなき,あく,変化,-,-,100,20,×,○,1体選択,相手の『とくぼう』ランクを2段階下げる。
うたう,ノーマル,変化,-,-,55,15,×,○,1体選択,相手を2～4ターン(実質1～3ターン)の間『ねむり』状態にする。音系の技。相手の『みがわり』状態を貫通する。
うたかたのアリア,みず,特殊,90,130,100,10,×,○,自分以外,相手の『やけど』状態を治す。音系の技。相手の『みがわり』状態を貫通する。
うちおとす,いわ,物理,50,100,100,15,×,○,1体選択,特性『ふゆう』や、『ひこう』タイプのポケモンに『じめん』タイプの技が当たるようになる。また、技『そらをとぶ』『とびはねる』『でんじふゆう』『テレキネシス』の効果が解除され、『でんじふゆう』『テレキネシス』は使用できなくなる。『フリーフォール』状態の相手にも命中する。
ウッドハンマー,くさ,物理,120,140,100,15,○,○,1体選択,相手に与えたダメージの1/3を自分も受ける。
ウッドホーン,くさ,物理,75,130,100,10,○,○,1体選択,相手に与えたダメージの半分だけ自分のHPが回復する。
うっぷんばらし,あく,物理,75,130,100,5,○,○,1体選択,そのターンの間に自分の能力ランクを下げられていると、威力が2倍になる(通常は後攻で攻撃する必要があるが、場に出た時に能力ランクを下げられた場合も対象となる)。
うらみ,ゴースト,変化,-,-,100,10,×,○,1体選択,相手の最後に使った技のPPを4減らす。
エアカッター,ひこう,特殊,60,110,95,25,×,○,相手全体,急所に当たりやすい(急所ランク:+1)。
エアスラッシュ,ひこう,特殊,75,130,95,15,×,○,1体選択,30%の確率で相手をひるませる。
エコーボイス,ノーマル,特殊,40,90,100,15,×,○,1体選択,毎ターン、誰かが技『エコーボイス』を使う度に威力が高くなっていく。音系の技。相手の『みがわり』状態を貫通する。
えだづき,くさ,物理,40,90,100,40,○,○,1体選択,通常攻撃。
エナジーボール,くさ,特殊,90,130,100,10,×,○,1体選択,10%の確率で相手の『とくぼう』ランクを1段階下げる。
エラがみ,みず,物理,85,130,100,10,○,○,1体選択,相手より先に攻撃できると技の威力が2倍になる。
エレキネット,でんき,特殊,55,110,95,15,×,○,相手全体,100%の確率で相手の『すばやさ』ランクを1段階下げる。
エレキフィールド,でんき,変化,-,-,-,10,×,×,全体の場,5ターンの間、場の状態を『エレキフィールド』にする。『ひこう』タイプや特性『ふゆう』などではない地面にいるすべてのポケモンは、『ねむり』『あくび』(ねむけ)状態にならず、また『でんき』タイプの技の威力が1.3倍になる(第7世代までは1.5倍)。すでに『ねむり』状態の場合は回復しない。道具『エレキシード』を持ったポケモンは『ぼうぎょ』ランクが1段階上がる。
エレキボール,でんき,特殊,-,130,100,10,×,○,1体選択,相手より『すばやさ』が高いほど威力が高くなる。1倍未満は40、2倍未満は60、3倍未満は80、4倍未満は120、それ以上は150。
えんまく,ノーマル,変化,-,-,100,20,×,○,1体選択,相手の命中率を1段階下げる。
オーバードライブ,でんき,特殊,80,130,100,10,×,○,相手全体,音系の技。相手の『みがわり』状態を貫通する。
オーバーヒート,ほのお,特殊,130,140,90,5,×,○,1体選択,攻撃後、100%の確率で自分の『とくこう』ランクが2段階下がる。
オーラぐるま,でんき,物理,110,140,100,10,×,○,1体選択,100%の確率で自分の『すばやさ』ランクが1段階上がる。自分の『モルペコ』のフォルムが『まんぷくもよう』の時は『でんき』タイプ、『はらぺこもよう』の時は『あく』タイプの技になる。
オーロラビーム,こおり,特殊,65,120,100,20,×,○,1体選択,10%の確率で相手の『こうげき』ランクを1段階下げる。
オーロラベール,こおり,変化,-,-,-,20,×,×,味方の場,天気が『あられ』状態の時のみ使用でき、5ターンの間、自分と味方が受ける相手の物理攻撃と特殊攻撃のダメージを半分にする。味方が複数の場合は半分ではなく2/3になる。急所に当たった場合は軽減されない。交代しても効果は続く。
おいかぜ,ひこう,変化,-,-,-,15,×,×,味方の場,4ターンの間、自分と味方の『すばやさ』が2倍になる。
おいわい,ノーマル,変化,-,-,-,40,×,×,自分,効果なし。
おきみやげ,あく,変化,-,-,100,10,×,○,1体選択,自分が『ひんし』になる代わりに、相手の『こうげき』『とくこう』ランクを2段階ずつ下げる。
オクタンほう,みず,特殊,65,120,85,10,×,○,1体選択,50%の確率で相手の命中率を1段階下げる。
おさきにどうぞ,ノーマル,変化,-,-,-,15,×,×,1体選択,相手は『すばやさ』に関係なく、この技を受けた直後に行動できるようになる。ダブルバトル用。
おたけび,ノーマル,変化,-,-,100,30,×,○,1体選択,相手の『こうげき』『とくこう』ランクを1段階ずつ下げる。音系の技。相手の『みがわり』状態を貫通する。
おだてる,あく,変化,-,-,100,15,×,○,1体選択,相手を1～4ターンの間『こんらん』状態にするが、相手の『とくこう』ランクを1段階上げてしまう。
おちゃかい,ノーマル,変化,-,-,-,10,×,×,全体,場にいるすべてのポケモンが、それぞれが持っている『きのみ』を即座に使って効果を発動させる。
おどろかす,ゴースト,物理,30,90,100,15,○,○,1体選択,30%の確率で相手をひるませる。
おにび,ほのお,変化,-,-,85,15,×,○,1体選択,相手を『やけど』状態にする。『ほのお』タイプには無効。
おんねん,ゴースト,変化,-,-,-,5,×,×,自分,相手の技のダメージで『ひんし』状態になった場合、その技のPPを0にする。
かいでんぱ,でんき,変化,-,-,100,15,×,○,1体選択,相手の『とくこう』ランクを2段階下げる。
かいりき,ノーマル,物理,80,130,100,15,○,○,1体選択,通常攻撃。
カウンター,かくとう,物理,-,75,100,20,○,○,不定,相手の物理攻撃のダメージの2倍をその相手に与える。『ダブルバトル』の時は最後に受けた技のみ有効になる。必ず後攻になる(優先度:-5)。
かえんぐるま,ほのお,物理,60,110,100,25,○,○,1体選択,10%の確率で相手を『やけど』状態にする。自分が『こおり』状態の時でも使う事ができ、使うと『こおり』状態が治る。
かえんほうしゃ,ほのお,特殊,90,130,100,15,×,○,1体選択,10%の確率で相手を『やけど』状態にする。
かえんボール,ほのお,物理,120,140,90,5,×,○,1体選択,10%の確率で相手を『やけど』状態にする。自分が『こおり』状態の時でも使う事ができ、使うと『こおり』状態が治る。
かげうち,ゴースト,物理,40,90,100,30,○,○,1体選択,必ず先制できる(優先度:+1)。
かげぬい,ゴースト,物理,80,130,100,10,×,○,1体選択,相手は逃げたり、交代できなくなる。自分が場を離れると効果は消える。
かげぶんしん,ノーマル,変化,-,-,-,15,×,×,自分,自分の回避率を1段階上げる。
かぜおこし,ひこう,特殊,40,90,100,35,×,○,1体選択,相手が技『そらをとぶ』『とびはねる』『フリーフォール』を使っている時でも命中し、ダメージが2倍になる。
かたきうち,ノーマル,物理,70,120,100,5,○,○,1体選択,前のターンに味方のポケモンが倒されていると威力が2倍になる。
かたくなる,ノーマル,変化,-,-,-,30,×,×,自分,自分の『ぼうぎょ』ランクを1段階上げる。
かなしばり,ノーマル,変化,-,-,100,20,×,○,1体選択,相手が最後に使った技を4ターンの間使えなくする。
かふんだんご,むし,特殊,90,130,100,15,×,○,1体選択,味方に使った場合、ダメージではなく味方のHPを最大HPの1/2回復する。
かみくだく,あく,物理,80,130,100,15,○,○,1体選択,20%の確率で相手の『ぼうぎょ』ランクを1段階下げる。
かみつく,あく,物理,60,110,100,25,○,○,1体選択,30%の確率で相手をひるませる。
かみなり,でんき,特殊,110,140,70,10,×,○,1体選択,30%の確率で相手を『まひ』状態にする。天気が『あめ』の時は必ず命中し、『ひざしがつよい』の時は命中率が50%になる。相手が技『そらをとぶ』『とびはねる』『フリーフォール』を使っている時でも命中する。
かみなりのキバ,でんき,物理,65,120,95,15,○,○,1体選択,10%の確率で相手を『まひ』状態にするか、ひるませる。
かみなりパンチ,でんき,物理,75,130,100,15,○,○,1体選択,10%の確率で相手を『まひ』状態にする。特性『てつのこぶし』の時、威力が1.2倍になる。
からげんき,ノーマル,物理,70,120,100,20,○,○,1体選択,自分が『どく』『まひ』『やけど』状態の時、威力が2倍になる。『やけど』による『こうげき』の半減の影響を受けない。
からにこもる,みず,変化,-,-,-,40,×,×,自分,自分の『ぼうぎょ』ランクを1段階上げる。
からをやぶる,ノーマル,変化,-,-,-,15,×,×,自分,自分の『ぼうぎょ』『とくぼう』ランクが1段階ずつ下がり、『こうげき』『とくこう』『すばやさ』ランクが2段階ずつ上がる。
かわらわり,かくとう,物理,75,90,100,15,○,○,1体選択,相手の技『リフレクター』『オーロラベール』の効果を受けず、相手の技『リフレクター』『ひかりのかべ』『オーロラベール』を壊す。
ガードシェア,エスパー,変化,-,-,-,10,×,○,1体選択,自分と相手の『ぼうぎょ』と『とくぼう』を足して半分に分ける。
ガードスワップ,エスパー,変化,-,-,-,10,×,○,1体選択,自分と相手の『ぼうぎょ』『とくぼう』ランクを入れ替える。
がむしゃら,ノーマル,物理,-,130,100,5,○,○,1体選択,相手の残りHPから自分の残りHPを引いた分のダメージを与える。
がんせきふうじ,いわ,物理,60,110,95,15,×,○,1体選択,100%の確率で相手の『すばやさ』ランクを1段階下げる。
がんせきほう,いわ,物理,150,150,90,5,×,○,1体選択,使用した次のターンは行動できない。
きあいだま,かくとう,特殊,120,95,70,5,×,○,1体選択,10%の確率で相手の『とくぼう』ランクを1段階下げる。
きあいだめ,ノーマル,変化,-,-,-,30,×,×,自分,急所ランクが2段階上がる『きあいだめ』状態となり、今後自分の技が急所に当たりやすくなる。
きあいパンチ,かくとう,物理,150,100,100,20,○,○,1体選択,必ず後攻になり(優先度:-3)、攻撃するまでに技を受けると失敗してしまう。特性『てつのこぶし』の時、威力が1.2倍になる。
きしかいせい,かくとう,物理,-,100,100,15,○,○,1体選択,自分の残りHPが少ないほど威力が高くなる。(威力は20～200)
キノコのほうし,くさ,変化,-,-,100,15,×,○,1体選択,相手を2～4ターン(実質1～3ターン)の間『ねむり』状態にする。『くさ』タイプや特性『ぼうじん』、道具『ぼうじんゴーグル』を持っているポケモンには無効。
きゅうけつ,むし,物理,80,130,100,10,○,○,1体選択,相手に与えたダメージの半分だけ自分のHPが回復する。(第6世代は威力:20、PP:15)
きょじゅうざん,はがね,物理,100,130,100,5,○,○,1体選択,相手がダイマックスしていると、ダメージが2倍になる。
きょじゅうだん,はがね,物理,100,130,100,5,○,○,1体選択,相手がダイマックスしていると、ダメージが2倍になる。
キョダイカンロ,くさ,-,-,-,-,-,×,×,1体選択,キョダイマックスした『タルップル』専用、『くさ』タイプの攻撃技のキョダイマックス技。自分と味方の状態異常を回復する。自分の命中率、相手の回避率に関係なく必ず命中する。レイドでは相手の不思議なバリアのゲージを2つ減らす。
キョダイガンジン,みず,-,-,-,-,-,×,×,1体選択,キョダイマックスした『カジリガメ』専用、『みず』タイプの攻撃技のキョダイマックス技。相手の場を『ステルスロック』状態にする(相手はポケモンを交代する度に、出てきたポケモンは最大HPの1/8のダメージを受ける。『いわ』タイプのタイプ相性の影響を受け、例えば4倍弱点の場合は最大HPの1/2のダメージとなる)。自分の命中率、相手の回避率に関係なく必ず命中する。レイドでは相手の不思議なバリアのゲージを2つ減らす。
キョダイゲンエイ,ゴースト,-,-,-,-,-,×,×,1体選択,キョダイマックスした『ゲンガー』専用、『ゴースト』タイプの攻撃技のキョダイマックス技。相手全体は、逃げたり、交代できなくなる。相手が『ゴースト』タイプや特性『かげふみ』の場合は無効。自分が場を離れると効果は消える。自分の命中率、相手の回避率に関係なく必ず命中する。レイドでは相手の不思議なバリアのゲージを2つ減らす。
キョダイゲンスイ,ドラゴン,-,-,-,-,-,×,×,1体選択,キョダイマックスした『ジュラルドン』専用、『ドラゴン』タイプの攻撃技のキョダイマックス技。相手全体のそれぞれが最後に使用した技のPPを2ずつ減らす(レイドでは1)。自分の命中率、相手の回避率に関係なく必ず命中する。レイドでは相手の不思議なバリアのゲージを2つ減らす。
キョダイコウジン,はがね,-,-,-,-,-,×,×,1体選択,キョダイマックスした『ダイオウドウ』専用、『はがね』タイプの攻撃技のキョダイマックス技。相手の場を『はがね』タイプの『ステルスロック』状態にする(相手はポケモンを交代する度に、出てきたポケモンは最大HPの1/8のダメージを受ける。『はがね』タイプのタイプ相性の影響を受け、例えば2倍弱点の場合は最大HPの1/4のダメージとなる)。自分の命中率、相手の回避率に関係なく必ず命中する。レイドでは相手の不思議なバリアのゲージを2つ減らす。
キョダイコバン,ノーマル,-,-,-,-,-,×,×,1体選択,キョダイマックスした『ニャース』専用、『ノーマル』タイプの攻撃技のキョダイマックス技。相手全体を1～4ターンの間『こんらん』状態にする。また、戦闘終了後にお金が手に入り(通信対戦やレイドバトルを除く。トーナメントがオススメ)、自分のレベル×100円×使用回数(2回目は2倍、3回目は3倍)もらえるため、Lv.100で1度のバトルで3回使用すれば計6万円手に入る(『おまもりこばん』を持たせれば上限の99999円)。自分の命中率、相手の回避率に関係なく必ず命中する。レイドでは相手の不思議なバリアのゲージを2つ減らす。
キョダイコワク,むし,-,-,-,-,-,×,×,1体選択,キョダイマックスした『バタフリー』専用、『むし』タイプの攻撃技のキョダイマックス技。相手全体を『どく』『まひ』『ねむり』状態のいずれかにする。選ばれた状態異常が無効の場合は効果がない。自分の命中率、相手の回避率に関係なく必ず命中する。レイドでは相手の不思議なバリアのゲージを2つ減らす。
キョダイゴクエン,ほのお,-,-,-,-,-,×,×,1体選択,キョダイマックスした『リザードン』専用、『ほのお』タイプの攻撃技のキョダイマックス技。4ターンの間、相手全体の『ほのお』タイプ以外のポケモンに対して、毎ターン終了後最大HPの1/6のダメージを与える。自分の命中率、相手の回避率に関係なく必ず命中する。レイドでは相手の不思議なバリアのゲージを2つ減らす。
キョダイサイセイ,ノーマル,-,-,-,-,-,×,×,1体選択,キョダイマックスした『カビゴン』専用、『ノーマル』タイプの攻撃技のキョダイマックス技。自分と味方は、50%程度の確率でそれぞれがバトル中に使用した『きのみ』を手に入れる。自分の命中率、相手の回避率に関係なく必ず命中する。レイドでは相手の不思議なバリアのゲージを2つ減らす。
キョダイサジン,じめん,-,-,-,-,-,×,×,1体選択,キョダイマックスした『サダイジャ』専用、『じめん』タイプの攻撃技のキョダイマックス技。相手全体を『すなじごく』(バインド)状態にする(4～5ターンの間、毎ターン終了後最大HPの1/8のダメージを与え、その間相手は逃げたり交代できない)。自分の命中率、相手の回避率に関係なく必ず命中する。レイドでは相手の不思議なバリアのゲージを2つ減らす。
キョダイサンゲキ,くさ,-,-,-,-,-,×,×,1体選択,キョダイマックスした『アップリュー』専用、『くさ』タイプの攻撃技のキョダイマックス技。相手全体の回避率を1段階ずつ下げる。自分の命中率、相手の回避率に関係なく必ず命中する。レイドでは相手の不思議なバリアのゲージを2つ減らす。
キョダイシュウキ,どく,-,-,-,-,-,×,×,1体選択,キョダイマックスした『ダストダス』専用、『どく』タイプの攻撃技のキョダイマックス技。相手全体の『どく』タイプや『はがね』タイプ以外のポケモンを『どく』状態にする。自分の命中率、相手の回避率に関係なく必ず命中する。レイドでは相手の不思議なバリアのゲージを2つ減らす。
キョダイシンゲキ,かくとう,-,-,-,-,-,×,×,1体選択,キョダイマックスした『カイリキー』専用、『かくとう』タイプの攻撃技のキョダイマックス技。自分と味方全体の急所ランクが1段階ずつ上がり、今後技が急所に当たりやすくなる(+3で必ず急所に当たる)。自分の命中率、相手の回避率に関係なく必ず命中する。レイドでは相手の不思議なバリアのゲージを2つ減らす。
キョダイスイマ,あく,-,-,-,-,-,×,×,1体選択,キョダイマックスした『オーロンゲ』専用、『あく』タイプの攻撃技のキョダイマックス技。50%程度の確率で相手を『あくび』(ねむけ)状態にする(次のターン終了時に相手を2～4ターン(実質1～3ターン)の間『ねむり』状態にする。ただし、そのポケモンが交代されると効果は消える)(追加効果は複数の相手が対象ではない)。自分の命中率、相手の回避率に関係なく必ず命中する。レイドでは相手の不思議なバリアのゲージを2つ減らす。
キョダイセンリツ,こおり,-,-,-,-,-,×,×,1体選択,キョダイマックスした『ラプラス』専用、『こおり』タイプの攻撃技のキョダイマックス技。味方の場に『オーロラベール』を設置する(5ターンの間、自分と味方全体が受ける相手の物理攻撃と特殊攻撃のダメージを半分にする。味方が複数の場合は半分ではなく2/3になる。急所に当たった場合は軽減されない)。自分の命中率、相手の回避率に関係なく必ず命中する。レイドでは相手の不思議なバリアのゲージを2つ減らす。
キョダイダンエン,フェアリー,-,-,-,-,-,×,×,1体選択,キョダイマックスした『マホイップ』専用、『フェアリー』タイプの攻撃技のキョダイマックス技。自分と味方全体のHPをそれぞれ最大HPの1/6ずつ回復する。自分の命中率、相手の回避率に関係なく必ず命中する。レイドでは相手の不思議なバリアのゲージを2つ減らす。
キョダイテンドウ,エスパー,-,-,-,-,-,×,×,1体選択,キョダイマックスした『イオルブ』専用、『エスパー』タイプの攻撃技のキョダイマックス技。5ターンの間、全体の場を『じゅうりょく』状態にする(すべてのポケモンの命中率が5/3倍(約1.67倍、1.6倍の説もあり)になる。また、特性『ふゆう』や、『ひこう』タイプのポケモンに『じめん』タイプの技が当たるようになる。技『そらをとぶ』『はねる』『とびげり』『とびひざげり』『とびはねる』『でんじふゆう』『フライングプレス』『フリーフォール』が使えなくなり、使用している場合は解除される。『テレキネシス』を受けなくなり、受けている場合は解除される。技『Gのちから』の威力が1.5倍になる)。自分の命中率、相手の回避率に関係なく必ず命中する。レイドでは相手の不思議なバリアのゲージを2つ減らす。
キョダイテンバツ,フェアリー,-,-,-,-,-,×,×,1体選択,キョダイマックスした『ブリムオン』専用、『フェアリー』タイプの攻撃技のキョダイマックス技。相手全体を1～4ターンの間『こんらん』状態にする。自分の命中率、相手の回避率に関係なく必ず命中する。レイドでは相手の不思議なバリアのゲージを2つ減らす。
キョダイバンライ,でんき,-,-,-,-,-,×,×,1体選択,キョダイマックスした『ピカチュウ』専用、『でんき』タイプの攻撃技のキョダイマックス技。相手全体の『でんき』タイプ以外のポケモンを『まひ』状態にする(この効果は対象の味方の『じめん』タイプにも有効)。自分の命中率、相手の回避率に関係なく必ず命中する。レイドでは相手の不思議なバリアのゲージを2つ減らす。
キョダイヒャッカ,ほのお,-,-,-,-,-,×,×,1体選択,キョダイマックスした『マルヤクデ』専用、『ほのお』タイプの攻撃技のキョダイマックス技。相手全体を『ほのおのうず』(バインド)状態にする(4～5ターンの間、毎ターン終了後最大HPの1/8のダメージを与え、その間相手は逃げたり交代できない)。自分の命中率、相手の回避率に関係なく必ず命中する。レイドでは相手の不思議なバリアのゲージを2つ減らす。
キョダイフウゲキ,ひこう,-,-,-,-,-,×,×,1体選択,キョダイマックスした『アーマーガア』専用、『ひこう』タイプの攻撃技のキョダイマックス技。相手の場の『しろいきり』『ひかりのかべ』『リフレクター』『しんぴのまもり』『オーロラベール』、両方の場の『まきびし』『どくびし』『ステルスロック』『ねばねばネット』『エレキフィールド』『グラスフィールド』『サイコフィールド』『ミストフィールド』の効果を解除する。自分の命中率、相手の回避率に関係なく必ず命中する。レイドでは相手の不思議なバリアのゲージを2つ減らす。
キョダイフンセキ,いわ,-,-,-,-,-,×,×,1体選択,キョダイマックスした『セキタンザン』専用、『いわ』タイプの攻撃技のキョダイマックス技。4ターンの間、相手全体の『いわ』タイプ以外のポケモンに対して、毎ターン終了後最大HPの1/6のダメージを与える。自分の命中率、相手の回避率に関係なく必ず命中する。レイドでは相手の不思議なバリアのゲージを2つ減らす。
キョダイホーヨー,ノーマル,-,-,-,-,-,×,×,1体選択,キョダイマックスした『イーブイ』専用、『ノーマル』タイプの攻撃技のキョダイマックス技。相手全体に対して、それぞれが自分とは異なる性別の場合、『メロメロ』状態にする。『メロメロ』状態になると、50%の確率で相手は自分に攻撃できなくなる。自分の命中率、相手の回避率に関係なく必ず命中する。レイドでは相手の不思議なバリアのゲージを2つ減らす。
キョダイホウマツ,みず,-,-,-,-,-,×,×,1体選択,キョダイマックスした『キングラー』専用、『みず』タイプの攻撃技のキョダイマックス技。相手全体の『すばやさ』ランクを2段階ずつ下げる。自分の命中率、相手の回避率に関係なく必ず命中する。レイドでは相手の不思議なバリアのゲージを2つ減らす。
きりさく,ノーマル,物理,70,120,100,20,○,○,1体選択,急所に当たりやすい(急所ランク:+1)。
きりばらい,ひこう,変化,-,-,-,15,×,○,1体選択,相手の回避率を1段階下げる。相手の場の『しろいきり』『ひかりのかべ』『リフレクター』『しんぴのまもり』『オーロラベール』、両方の場の『まきびし』『どくびし』『ステルスロック』『ねばねばネット』、さらに第8世代からは『エレキフィールド』『グラスフィールド』『サイコフィールド』『ミストフィールド』の効果を解除する。相手が『みがわり』状態の場合、回避率を下げる効果のみ失敗する。
キングシールド,はがね,変化,-,-,-,10,×,×,自分,必ず先制でき(優先度:+4)、そのターンの間、相手の攻撃技を受けない。また、直接攻撃をしてきた相手の『こうげき』ランクを1段階下げる(第7世代までは2段階)。連続で使うと失敗しやすくなる。ダイマックス技や第7世代のZワザの攻撃技は貫通し、1/4のダメージを受ける。
きんぞくおん,はがね,変化,-,-,85,40,×,○,1体選択,音系の技。相手の『とくぼう』ランクを2段階下げる。
ギアソーサー,はがね,物理,50,130,85,15,○,○,1体選択,1ターンに2回連続で攻撃する。
ギアチェンジ,はがね,変化,-,-,-,10,×,×,自分,自分の『すばやさ』ランクが2段階、『こうげき』ランクが1段階上がる。
ギガインパクト,ノーマル,物理,150,150,90,5,○,○,1体選択,使用した次のターンは行動できない。
ギガドレイン,くさ,特殊,75,130,100,10,×,○,1体選択,相手に与えたダメージの半分だけ自分のHPが回復する。
クイックターン,みず,物理,60,110,100,20,○,○,1体選択,攻撃後、手持ちのポケモンと入れ替わる。
くさのちかい,くさ,特殊,80,130,100,10,×,○,1体選択,ダブルバトルで、技『ほのおのちかい』と組み合わせて使用すると4ターンの間毎ターン『ほのお』タイプ以外の相手にダメージを与え、技『みずのちかい』と組み合わせて使用すると4ターンの間相手の『すばやさ』が下がる。また、威力が150になる。
くさむすび,くさ,特殊,-,130,100,20,○,○,1体選択,相手の『おもさ』が重いほど威力が高くなる。10kg未満は20、25kg未満は40、50kg未満は60、100kg未満は80、200kg未満は100、それ以上は120。ダイマックスしている相手には無効。
くすぐる,ノーマル,変化,-,-,100,20,×,○,1体選択,相手の『こうげき』『ぼうぎょ』ランクを1段階ずつ下げる。
くらいつく,あく,物理,80,130,100,10,○,○,1体選択,自分と相手のどちらかが『ひんし』になるまで、どちらも交代ができなくなる。
クラブハンマー,みず,物理,100,130,90,10,○,○,1体選択,急所に当たりやすい(急所ランク:+1)。
クリアスモッグ,どく,特殊,50,75,-,15,×,○,1体選択,相手の能力ランクの変化を元に戻す。
くろいきり,こおり,変化,-,-,-,30,×,×,全体の場,すべてのポケモンの能力ランクの変化を元に戻す。
くろいまなざし,ノーマル,変化,-,-,-,5,×,×,1体選択,相手は逃げたり、交代できなくなる。自分が場を離れると効果は消える。
グラススライダー,くさ,物理,70,120,100,20,○,○,場の状態が『グラスフィールド』で、自分が『ひこう』タイプや特性『ふゆう』などではなく地面にいる時、必ず先制できる(優先度:+1)。
クロスチョップ,かくとう,物理,100,90,80,5,○,○,1体選択,急所に当たりやすい(急所ランク:+1)。
クロスフレイム,ほのお,特殊,100,130,100,5,×,○,1体選択,相手・味方を問わず同じターンに技『クロスサンダー』が使われていると、威力が2倍になる。
クロスポイズン,どく,物理,70,85,100,20,○,○,1体選択,10%の確率で相手を『どく』状態にする。急所に当たりやすい(急所ランク:+1)。
グラスフィールド,くさ,変化,-,-,-,10,×,×,全体の場,5ターンの間、場の状態を『グラスフィールド』にする。『ひこう』タイプや特性『ふゆう』などではない地面にいるすべてのポケモンは、毎ターン最大HPの1/16ずつ回復し、また『くさ』タイプの技の威力が1.3倍になり(第7世代までは1.5倍)、技『じしん』『じならし』『マグニチュード』の受けるダメージが半減する。道具『グラスシード』を持ったポケモンは『ぼうぎょ』ランクが1段階上がる。
グラスミキサー,くさ,特殊,65,120,90,10,×,○,1体選択,50%の確率で相手の命中率を1段階下げる。
グロウパンチ,かくとう,物理,40,70,100,20,○,○,1体選択,100%の確率で自分の『こうげき』ランクが1段階上がる。特性『てつのこぶし』の時、威力が1.2倍になる。
けたぐり,かくとう,物理,-,100,100,20,○,○,1体選択,相手の『おもさ』が重いほど威力が高くなる。10kg未満は20、25kg未満は40、50kg未満は60、100kg未満は80、200kg未満は100、それ以上は120。ダイマックスしている相手には無効。
げきりん,ドラゴン,物理,120,140,100,10,○,○,ランダム1体,2～3ターン連続で攻撃し、その後自分は1～4ターンの間『こんらん』状態になる。
ゲップ,どく,特殊,120,95,90,10,×,○,1体選択,この技は『きのみ』を食べると使えるようになる。
げんしのちから,いわ,特殊,60,110,100,5,×,○,1体選択,10%の確率で自分の『こうげき』『ぼうぎょ』『とくこう』『とくぼう』『すばやさ』ランクが1段階ずつ上がる。
コートチェンジ,ノーマル,変化,-,-,100,10,×,×,全体の場,お互いの場の効果を入れ替える。
コールドフレア,こおり,特殊,140,140,90,5,×,○,1体選択,1ターン目は攻撃せずに、2ターン目で攻撃する。30%の確率で相手を『やけど』状態にする。
こうげきしれい,むし,物理,90,130,100,15,×,○,1体選択,急所に当たりやすい(急所ランク:+1)。
こうごうせい,くさ,変化,-,-,-,5,×,×,自分,HPが、天気が通常の時は最大HPの1/2、『ひざしがつよい』の時は最大HPの2/3、『あめ』『あられ』『すなあらし』の時は最大HPの1/4回復する。
こうそくいどう,エスパー,変化,-,-,-,30,×,×,自分,自分の『すばやさ』ランクが2段階上がる。
こうそくスピン,ノーマル,物理,50,100,100,40,○,○,1体選択,自分が受けている技『うずしお』『からではさむ』『しめつける』『すなじごく』『ほのおのうず』『マグマストーム』『まきつく』『やどりぎのタネ』および自分の場の『ステルスロック』『どくびし』『まきびし』『ねばねばネット』の効果を解除する。第8世代からは、攻撃後、100%の確率で自分の『すばやさ』ランクが1段階上がる。(第7世代までは威力20)
こおりのいぶき,こおり,特殊,60,110,90,10,×,○,1体選択,必ず急所に当たる。
こおりのキバ,こおり,物理,65,120,95,15,○,○,1体選択,10%の確率で相手を『こおり』状態にするか、ひるませる。
こおりのつぶて,こおり,物理,40,90,100,30,×,○,1体選択,必ず先制できる(優先度:+1)。
こころのめ,ノーマル,変化,-,-,-,5,×,○,1体選択,次のターン、使った相手に自分の技が必ず命中する。
こごえるかぜ,こおり,特殊,55,110,95,15,×,○,相手全体,100%の確率で相手の『すばやさ』ランクを1段階下げる。
こごえるせかい,こおり,特殊,65,120,95,10,×,○,相手全体,100%の確率で相手の『すばやさ』ランクを1段階下げる。
コスモパワー,エスパー,変化,-,-,-,20,×,×,自分,自分の『ぼうぎょ』『とくぼう』ランクが1段階ずつ上がる。
コットンガード,くさ,変化,-,-,-,10,×,×,自分,自分の『ぼうぎょ』ランクが3段階上がる。
こなゆき,こおり,特殊,40,90,100,25,×,○,相手全体,10%の確率で相手を『こおり』状態にする。
このは,くさ,物理,40,90,100,40,×,○,1体選択,通常攻撃。
このゆびとまれ,ノーマル,変化,-,-,-,20,×,×,自分,必ず先制できる(優先度:+2)。そのターンの相手の技をすべて自分が受ける。ただし、全体技には効果がない。ダブルバトル用。
コメットパンチ,はがね,物理,90,130,90,10,○,○,1体選択,20%の確率で自分の『こうげき』ランクが1段階上がる。特性『てつのこぶし』の時、威力が1.2倍になる。
こらえる,ノーマル,変化,-,-,-,10,×,×,自分,必ず先制できる(優先度:+4)。そのターンに『ひんし』状態になる攻撃を受けてもHPが1残る。連続で使うと失敗しやすくなる。
ころがる,いわ,物理,30,90,90,20,○,○,1体選択,外れるまで5ターン連続で攻撃し、攻撃が当たる度に威力が倍増する(最大480)。事前に技『まるくなる』を使っていると威力が2倍になる。
こわいかお,ノーマル,変化,-,-,100,10,×,○,1体選択,相手の『すばやさ』ランクを2段階下げる。
ゴーストダイブ,ゴースト,物理,90,130,100,10,○,×,1体選択,1ターン目に消えて、2ターン目に攻撃する。消えている間はほとんどの技を受けない。相手の『まもる』『みきり』『たたみがえし』『トーチカ』『キングシールド』『ニードルガード』『ブロッキング』の効果を受けない(『ダイウォール』を除く)。(なお、第7世代以降は相手が『ちいさくなる』を使っている時の必中2倍効果はない)
ゴッドバード,ひこう,物理,140,140,90,5,×,○,1体選択,1ターン目は攻撃せずに、2ターン目で攻撃する。30%の確率で相手をひるませる。急所に当たりやすい(急所ランク:+1)。
サイケこうせん,エスパー,特殊,65,120,100,20,×,○,1体選択,10%の確率で相手を1～4ターンの間『こんらん』状態にする。
サイコカッター,エスパー,物理,70,120,100,20,×,○,1体選択,急所に当たりやすい(急所ランク:+1)。
サイコキネシス,エスパー,特殊,90,130,100,10,×,○,1体選択,10%の確率で相手の『とくぼう』ランクを1段階下げる。
サイコシフト,エスパー,変化,-,-,100,10,×,○,1体選択,自分の状態異常を相手に移し、自分は回復する。
サイコショック,エスパー,特殊,80,130,100,10,×,○,1体選択,相手の『とくぼう』ではなく、相手の『ぼうぎょ』の能力値でダメージ計算する。
サイコファング,エスパー,物理,85,130,100,10,○,○,1体選択,相手の技『リフレクター』『オーロラベール』の効果を受けず、相手の技『リフレクター』『ひかりのかべ』『オーロラベール』を壊す。
サイコフィールド,エスパー,変化,-,-,-,10,×,×,全体の場,5ターンの間、場の状態を『サイコフィールド』にする。『ひこう』タイプや特性『ふゆう』などではない地面にいるすべてのポケモンは、相手(味方は含まない)の先制技を受けなくなり、また『エスパー』タイプの技の威力が1.3倍になる(第7世代までは1.5倍)。道具『サイコシード』を持ったポケモンは『とくぼう』ランクが1段階上がる。
サイコブレイク,エスパー,特殊,100,130,100,10,×,○,1体選択,相手の『とくぼう』ではなく、相手の『ぼうぎょ』の能力値でダメージ計算する。
サイドチェンジ,エスパー,変化,-,-,-,15,×,×,自分,必ず先制できる(優先度:+2)。自分と味方1体の位置を交代する。ダブルバトル用。(第6世代は優先度:+1)
さいはい,エスパー,変化,-,-,-,15,×,○,1体選択,相手が最後に使用した技をその場でもう一度使わせる。『はかいこうせん』など反動のある技や、ターン技、ダイマックス技、『ダイマックスほう』など一部の技は失敗する。
さいみんじゅつ,エスパー,変化,-,-,60,20,×,○,1体選択,相手を2～4ターン(実質1～3ターン)の間『ねむり』状態にする。
さきおくり,あく,変化,-,-,100,15,×,○,1体選択,相手は『すばやさ』に関係なく、行動が最後になる。ダブルバトル用。
さわぐ,ノーマル,特殊,90,130,100,10,×,○,ランダム1体,3ターン連続で攻撃し、その間はすべてのポケモンが『ねむり』状態にならない。音系の技。相手の『みがわり』状態を貫通する。
シェルブレード,みず,物理,75,130,95,10,○,○,1体選択,50%の確率で相手の『ぼうぎょ』ランクを1段階下げる。
しおふき,みず,特殊,150,150,100,5,×,○,相手全体,(150×自分の残りHP÷自分の最大HP)が威力になる。
しおみず,みず,特殊,65,120,100,10,×,○,1体選択,相手のHPが最大HPの半分以下の時、威力が2倍になる。
シザークロス,むし,物理,80,130,100,15,○,○,1体選択,通常攻撃。
しぜんのちから,ノーマル,変化,-,-,-,20,×,×,1体選択,地形が草むらの時は『エナジーボール』、水上の時は『ハイドロポンプ』、砂地の時は『だいちのちから』、岩場と洞窟の時は『パワージェム』、火山の時は『ふんえん』、氷上の時は『れいとうビーム』、ミストフィールドの時は『ムーンフォース』、グラスフィールドの時は『エナジーボール』、エレキフィールドの時は『10まんボルト』、サイコフィールドやウルトラスペースの時は『サイコキネシス』、それ以外は『トライアタック』となる。(第6世代は沼地の時は『どろばくだん』、雪原の時は『こおりのいぶき』)
したでなめる,ゴースト,物理,30,90,100,30,○,○,1体選択,30%の確率で相手を『まひ』状態にする。
しっぺがえし,あく,物理,50,100,100,10,○,○,1体選択,自分が後攻の時、威力が2倍になる。
しっとのほのお,ほのお,特殊,70,120,100,5,×,○,相手全体,100%の確率で、そのターンの間に能力ランクが上がった相手ポケモンを『やけど』状態にする(通常は後攻で攻撃する必要があるが、場に出た時に能力ランクが上がった場合も対象となる)。
しっぽをふる,ノーマル,変化,-,-,100,30,×,○,相手全体,相手の『ぼうぎょ』ランクを1段階下げる。
しねんのずつき,エスパー,物理,80,130,90,15,○,○,1体選択,20%の確率で相手をひるませる。
しびれごな,くさ,変化,-,-,75,30,×,○,1体選択,相手を『まひ』状態にする。『でんき』タイプや『くさ』タイプ、特性『ぼうじん』、『ぼうじんゴーグル』を持っているのポケモンには無効。
しめつける,ノーマル,物理,15,90,85,20,○,○,1体選択,4～5ターンの間、毎ターン終了後最大HPの1/8のダメージを与え、その間相手は逃げたり交代できない。
シャドークロー,ゴースト,物理,70,120,100,15,○,○,1体選択,急所に当たりやすい(急所ランク:+1)。
シャドースチール,ゴースト,物理,90,130,100,10,○,○,1体選択,相手のすべての能力ランクの上昇分を0に元に戻して、その分だけ自分の能力ランクを上げ、その後に攻撃のダメージを与える。相手のランクの下降分には影響しない。相手の『みがわり』状態を貫通する。
シャドーパンチ,ゴースト,物理,60,110,-,20,○,○,1体選択,自分の命中率、相手の回避率に関係なく必ず命中する。特性『てつのこぶし』の時、威力が1.2倍になる。
シャドーボール,ゴースト,特殊,80,130,100,15,×,○,1体選択,20%の確率で相手の『とくぼう』ランクを1段階下げる。
シャドーレイ,ゴースト,特殊,100,130,100,5,×,○,1体選択,相手の特性の影響を受けずに攻撃する。
しろいきり,こおり,変化,-,-,-,30,×,×,味方の場,5ターンの間、能力ランクを下げられなくなる。交代しても効果は続く。
しんくうは,かくとう,特殊,40,70,100,30,×,○,1体選択,必ず先制できる(優先度:+1)。
しんそく,ノーマル,物理,80,130,100,5,○,○,1体選択,必ず先制できる(優先度:+2)。
しんぴのつるぎ,かくとう,特殊,85,90,100,10,×,○,1体選択,相手の『とくぼう』ではなく、相手の『ぼうぎょ』の能力値でダメージ計算する。
しんぴのまもり,ノーマル,変化,-,-,-,25,×,×,味方の場,5ターンの間、状態異常にならなくなる。交代しても効果は続く。
シンプルビーム,ノーマル,変化,-,-,100,15,×,○,1体選択,相手の特性が『たんじゅん』になる。(ダブルバトルで味方に使うと良い)
じこあんじ,ノーマル,変化,-,-,-,10,×,×,1体選択,相手にかかっている補助効果を自分にもかける。
じこさいせい,ノーマル,変化,-,-,-,10,×,×,自分,HPが最大HPの半分回復する。
じごくぐるま,かくとう,物理,80,90,80,20,○,○,1体選択,相手に与えたダメージの1/4を自分も受ける。
じごくづき,あく,物理,80,130,100,15,○,○,1体選択,相手は2ターンの間、音系の技『いびき』『いやしのすず』『いやなおと』『うたう』『うたかたのアリア』『エコーボイス』『おしゃべり』『おたけび』『きんぞくおん』『くさぶえ』『さわぐ』『スケイルノイズ』『すてゼリフ』『チャームボイス』『ちょうおんぱ』『とおぼえ』『ないしょばなし』『なきごえ』『バークアウト』『ハイパーボイス』『ばくおんぱ』『ほえる』『ほろびのうた』『むしのさざめき』『りんしょう』『ソウルビート』『オーバードライブ』を使えなくなる。
じしん,じめん,物理,100,130,100,10,×,○,自分以外,相手が技『あなをほる』を使っている時でも命中し、ダメージが2倍になる。
じたばた,ノーマル,物理,-,130,100,15,○,○,1体選択,自分の残りHPが少ないほど威力が高くなる。(威力は20～200)
じだんだ,じめん,物理,75,130,100,10,○,○,1体選択,前のターンで自分が使った技が失敗していた場合、威力が2倍になる。
じならし,じめん,物理,60,110,100,20,×,○,自分以外,100%の確率で相手の『すばやさ』ランクを1段階下げる。
じばく,ノーマル,物理,200,150,100,5,×,○,自分以外,攻撃後、自分が『ひんし』状態になる。
じばそうさ,でんき,変化,-,-,-,20,×,×,味方全体,特性が『プラス』『マイナス』のすべての味方のポケモンの『ぼうぎょ』『とくぼう』ランクが1段階ずつ上がる。
ジャイロボール,はがね,物理,-,130,100,5,○,○,1体選択,相手より『すばやさ』が低いほど威力が高くなる。(25×相手のすばやさ÷自分のすばやさ)+1が威力になる。ただし最大威力は150。小数点以下は切り捨て。
じゃれつく,フェアリー,物理,90,130,90,10,○,○,1体選択,10%の確率で相手の『こうげき』ランクを1段階下げる。
じゅうでん,でんき,変化,-,-,-,20,×,×,自分,次のターン、自分の『でんき』タイプの技の威力が2倍になる。自分の『とくぼう』ランクが1段階上がる。
10まんばりき,じめん,物理,95,130,95,10,○,○,1体選択,通常攻撃。
10まんボルト,でんき,特殊,90,130,100,15,×,○,1体選択,10%の確率で相手を『まひ』状態にする。
じゅうりょく,エスパー,変化,-,-,-,5,×,×,全体の場,5ターンの間、すべてのポケモンの命中率が5/3倍(約1.67倍、1.6倍の説もあり)になる。また、特性『ふゆう』や、『ひこう』タイプのポケモンに『じめん』タイプの技が当たるようになる。技『そらをとぶ』『はねる』『とびげり』『とびひざげり』『とびはねる』『でんじふゆう』『フライングプレス』『フリーフォール』が使えなくなり、使用している場合は解除される。『テレキネシス』を受けなくなり、受けている場合は解除される。技『Gのちから』の威力が1.5倍になる。
じょうか,どく,変化,-,-,-,20,×,○,1体選択,相手の状態異常を回復し、自分のHPも最大HPの1/2回復する。相手が状態異常ではない時は失敗する。
じわれ,じめん,物理,-,130,30,5,×,○,1体選択,相手を『ひんし』状態にする。相手のレベルが自分より高いと失敗する。(30＋自分のレベル－相手のレベル)が命中率になる。ダイマックスしている相手には無効。
じんつうりき,エスパー,特殊,80,130,100,20,×,○,1体選択,10%の確率で相手をひるませる。
スイープビンタ,ノーマル,物理,25,130,85,10,○,○,1体選択,1ターンに2～5回連続で攻撃する。
すいとる,くさ,特殊,20,90,100,25,×,○,1体選択,相手に与えたダメージの半分だけ自分のHPが回復する。
すいりゅうれんだ,みず,物理,25,130,100,5,○,○,1ターンに3回連続で攻撃する。必ず急所に当たる。特性『てつのこぶし』の時、威力が1.2倍になる。
スキルスワップ,エスパー,変化,-,-,-,10,×,○,1体選択,自分と相手の特性を入れ替える。ただし、『ふしぎなまもり』など一部の固有な特性は入れ替えられない。
スケイルノイズ,ドラゴン,特殊,110,140,100,5,×,○,相手全体,攻撃後、自分の『ぼうぎょ』ランクが1段階下がる。音系の技。相手の『みがわり』状態を貫通する。
スターアサルト,かくとう,物理,150,100,100,5,×,○,1体選択,使用した次のターンは行動できない。
すてゼリフ,あく,変化,-,-,100,20,×,○,1体選択,相手の『こうげき』『とくこう』を1段階下げたあと、手持ちのポケモンと入れ替わる。音系の技。相手の『みがわり』状態を貫通する。
すてみタックル,ノーマル,物理,120,140,100,15,○,○,1体選択,相手に与えたダメージの1/3を自分も受ける。
ステルスロック,いわ,変化,-,-,-,20,×,×,相手の場,使用後、相手はポケモンを交代する度に、出てきたポケモンは最大HPの1/8のダメージを受ける。『タイプ』相性の影響を受け、例えば4倍弱点の場合は最大HPの1/2のダメージとなる。
ストーンエッジ,いわ,物理,100,130,80,5,×,○,1体選択,急所に当たりやすい(急所ランク:+1)。
すなあらし,いわ,変化,-,-,-,10,×,×,全体の場,5ターンの間、天気を『すなあらし』にする。
すなかけ,じめん,変化,-,-,100,15,×,○,1体選択,相手の命中率を1段階下げる。
すなじごく,じめん,物理,35,90,85,15,×,○,1体選択,4～5ターンの間、毎ターン終了後最大HPの1/8のダメージを与え、その間相手は逃げたり交代できない。
スパーク,でんき,物理,65,120,100,20,○,○,1体選択,30%の確率で相手を『まひ』状態にする。
スピードスター,ノーマル,特殊,60,110,-,20,×,○,相手全体,自分の命中率、相手の回避率に関係なく必ず命中する。
スピードスワップ,エスパー,変化,-,-,-,10,×,○,1体選択,自分と相手の『すばやさ』を入れ替える。
スマートホーン,はがね,物理,70,120,-,10,○,○,1体選択,自分の命中率、相手の回避率に関係なく必ず命中する。
スモッグ,どく,特殊,30,70,70,20,×,○,1体選択,40%の確率で相手を『どく』状態にする。
すりかえ,あく,変化,-,-,100,10,×,○,1体選択,相手と自分が持っている道具を入れ替える。片方しか道具を持っていない場合も成功する。
ずつき,ノーマル,物理,70,120,100,15,○,○,1体選択,30%の確率で相手をひるませる。
せいちょう,ノーマル,変化,-,-,-,20,×,×,自分,自分の『こうげき』『とくこう』ランクが1段階ずつ上がる。天気が『ひざしがつよい』の時は、2段階ずつ上がる。
せいなるつるぎ,かくとう,物理,90,90,100,15,○,○,1体選択,相手の能力ランクの変化に関係なく、ダメージを与える。
せいなるほのお,ほのお,物理,100,130,95,5,×,○,1体選択,50%の確率で相手を『やけど』状態にする。自分が『こおり』状態の時でも使う事ができ、使うと『こおり』状態が治る。
ぜったいれいど,こおり,特殊,-,130,30,5,×,○,1体選択,相手を『ひんし』状態にする。相手のレベルが自分より高いと失敗する。(30＋自分のレベル－相手のレベル)が命中率になる。第7世代以降は『こおり』タイプ以外のポケモンが使うと命中率が下がり(20＋自分のレベル－相手のレベル？)、また相手が『こおり』タイプの場合は効果がない。ダイマックスしている相手にも無効。
ソーラービーム,くさ,特殊,120,140,100,10,×,○,1体選択,1ターン目は攻撃せずに、2ターン目で攻撃する。天気が『ひざしがつよい』の時は1ターンためずに攻撃でき、『あめ』『あられ』『すなあらし』の時は威力が半分になる。
ソーラーブレード,くさ,物理,125,140,100,10,○,○,1体選択,1ターン目は攻撃せずに、2ターン目で攻撃する。天気が『ひざしがつよい』の時は1ターンためずに攻撃でき、『あめ』『あられ』『すなあらし』の時は威力が半分になる。
そうでん,でんき,変化,-,-,-,20,×,○,1体選択,相手が技を出す前に使用すると、そのターン相手の攻撃は『でんき』タイプになる。
ソウルクラッシュ,フェアリー,物理,75,130,100,15,○,○,1体選択,100%の確率で相手の『とくこう』ランクを1段階下げる。
ソウルビート,ドラゴン,変化,-,-,100,5,×,×,自分,自分のHPを最大HPの1/3だけ減らし、自分のすべての『のうりょく』ランクを1段階ずつ上げる。音系の技。
そらをとぶ,ひこう,物理,90,130,95,15,○,○,1体選択,1ターン目に空中へ飛び上がり、2ターン目に攻撃する。空中にいる間は『うちおとす』『かぜおこし』『かみなり』『サウザンアロー』『スカイアッパー』『たつまき』『ぼうふう』以外の技を受けない。
タールショット,いわ,変化,-,-,100,15,×,○,1体選択,相手の『すばやさ』ランクを1段階下げる。また、相手の弱点に『ほのお』タイプを追加する。
たいあたり,ノーマル,物理,40,90,100,35,○,○,1体選択,通常攻撃。(第6世代は威力:50)
たきのぼり,みず,物理,80,130,100,15,○,○,1体選択,20%の確率で相手をひるませる。
たくわえる,ノーマル,変化,-,-,-,20,×,×,自分,自分の『ぼうぎょ』『とくぼう』ランクを1段階ずつ上げる。技『のみこむ』『はきだす』の効果を上げる。3回までたくわえることができる。
たこがため,かくとう,変化,-,-,100,15,×,○,1体選択,相手は逃げたり、交代できなくなる。相手はその間、毎ターン『ぼうぎょ』『とくぼう』ランクが1段階ずつ下がる。ターン上限はない。
たたきつける,ノーマル,物理,80,130,75,20,○,○,1体選択,通常攻撃。
たたみがえし,かくとう,変化,-,-,-,10,×,×,味方の場,そのターンの間、自分と味方への攻撃技を無効化する(先制技ではない)。変化技は防げない。ただし、出た最初のターンしか成功しない。ダイマックス技や第7世代のZワザの攻撃技は貫通し、1/4のダメージを受ける。
たたりめ,ゴースト,特殊,65,120,100,10,×,○,1体選択,相手が状態異常の時、威力が2倍になる。
たつまき,ドラゴン,特殊,40,90,100,20,×,○,相手全体,20%の確率で相手をひるませる。相手が技『そらをとぶ』『とびはねる』『フリーフォール』を使っている時でも命中し、ダメージが2倍になる。
タネばくだん,くさ,物理,80,130,100,15,×,○,1体選択,通常攻撃。
タネマシンガン,くさ,物理,25,130,100,30,×,○,1体選択,1ターンに2～5回連続で攻撃する。
タマゴうみ,ノーマル,変化,-,-,-,10,×,×,自分,HPが最大HPの半分回復する。
ダイアーク,あく,-,-,-,-,-,×,×,1体選択,『あく』タイプの攻撃技のダイマックス技。相手の『とくぼう』ランクを1段階下げる。自分の命中率、相手の回避率に関係なく必ず命中する。レイドでは相手の不思議なバリアのゲージを2つ減らす。
ダイアース,じめん,-,-,-,-,-,×,×,1体選択,『じめん』タイプの攻撃技のダイマックス技。自分と味方全体の『とくぼう』ランクを1段階ずつ上げる。自分の命中率、相手の回避率に関係なく必ず命中する。レイドでは相手の不思議なバリアのゲージを2つ減らす。
ダイアイス,こおり,-,-,-,-,-,×,×,1体選択,『こおり』タイプの攻撃技のダイマックス技。5ターンの間、天気を『あられ』にする。自分の命中率、相手の回避率に関係なく必ず命中する。レイドでは相手の不思議なバリアのゲージを2つ減らす。
ダイアシッド,どく,-,-,-,-,-,×,×,1体選択,『どく』タイプの攻撃技のダイマックス技。自分と味方全体の『とくこう』ランクを1段階ずつ上げる。自分の命中率、相手の回避率に関係なく必ず命中する。レイドでは相手の不思議なバリアのゲージを2つ減らす。
ダイアタック,ノーマル,-,-,-,-,-,×,×,1体選択,『ノーマル』タイプの攻撃技のダイマックス技。相手の『すばやさ』ランクを1段階下げる。自分の命中率、相手の回避率に関係なく必ず命中する。レイドでは相手の不思議なバリアのゲージを2つ減らす。
ダイウォール,ノーマル,-,-,-,-,-,×,×,自分,必ず先制でき(優先度:+4)、そのターンの間、相手の技を受けない。連続で使うと失敗しやすくなる。『ゴーストダイブ』などの『まもる』を無視できる技やダイマックス技も防げる。ただし、『フェイント』は貫通する(解除はされない)。
ダイサイコ,エスパー,-,-,-,-,-,×,×,1体選択,『エスパー』タイプの攻撃技のダイマックス技。5ターンの間、場の状態を『サイコフィールド』にする(『ひこう』タイプや特性『ふゆう』などではない地面にいるすべてのポケモンは、相手(味方は含まない)の先制技を受けなくなり、また『エスパー』タイプの技の威力が1.3倍になる)。自分の命中率、相手の回避率に関係なく必ず命中する。レイドでは相手の不思議なバリアのゲージを2つ減らす。
ダイサンダー,でんき,-,-,-,-,-,×,×,1体選択,『でんき』タイプの攻撃技のダイマックス技。5ターンの間、場の状態を『エレキフィールド』にする(『ひこう』タイプや特性『ふゆう』などではない地面にいるすべてのポケモンは、『ねむり』『あくび』(ねむけ)状態にならず、また『でんき』タイプの技の威力が1.3倍になる)。自分の命中率、相手の回避率に関係なく必ず命中する。レイドでは相手の不思議なバリアのゲージを2つ減らす。
ダイジェット,ひこう,-,-,-,-,-,×,×,1体選択,『ひこう』タイプの攻撃技のダイマックス技。自分と味方全体の『すばやさ』ランクを1段階ずつ上げる。自分の命中率、相手の回避率に関係なく必ず命中する。レイドでは相手の不思議なバリアのゲージを2つ減らす。
ダイスチル,はがね,-,-,-,-,-,×,×,1体選択,『はがね』タイプの攻撃技のダイマックス技。自分と味方全体の『ぼうぎょ』ランクを1段階ずつ上げる。自分の命中率、相手の回避率に関係なく必ず命中する。レイドでは相手の不思議なバリアのゲージを2つ減らす。
ダイストリーム,みず,-,-,-,-,-,×,×,1体選択,『みず』タイプの攻撃技のダイマックス技。5ターンの間、天気を『あめ』にする。自分の命中率、相手の回避率に関係なく必ず命中する。レイドでは相手の不思議なバリアのゲージを2つ減らす。
ダイソウゲン,くさ,-,-,-,-,-,×,×,1体選択,『くさ』タイプの攻撃技のダイマックス技。5ターンの間、場の状態を『グラスフィールド』にする(『ひこう』タイプや特性『ふゆう』などではない地面にいるすべてのポケモンは、毎ターン最大HPの1/16ずつ回復し、また『くさ』タイプの技の威力が1.3倍になり、技『じしん』『じならし』『マグニチュード』の受けるダメージが半減する)。自分の命中率、相手の回避率に関係なく必ず命中する。レイドでは相手の不思議なバリアのゲージを2つ減らす。
だいちのちから,じめん,特殊,90,130,100,10,×,○,1体選択,10%の確率で相手の『とくぼう』ランクを1段階下げる。
ダイドラグーン,ドラゴン,-,-,-,-,-,×,×,1体選択,『ドラゴン』タイプの攻撃技のダイマックス技。相手の『こうげき』ランクを1段階下げる。自分の命中率、相手の回避率に関係なく必ず命中する。レイドでは相手の不思議なバリアのゲージを2つ減らす。
ダイナックル,かくとう,-,-,-,-,-,×,×,1体選択,『かくとう』タイプの攻撃技のダイマックス技。自分と味方全体の『こうげき』ランクを1段階ずつ上げる。自分の命中率、相手の回避率に関係なく必ず命中する。レイドでは相手の不思議なバリアのゲージを2つ減らす。
ダイバーン,ほのお,-,-,-,-,-,×,×,1体選択,『ほのお』タイプの攻撃技のダイマックス技。5ターンの間、天気を『ひざしがつよい』にする。自分の命中率、相手の回避率に関係なく必ず命中する。レイドでは相手の不思議なバリアのゲージを2つ減らす。
だいばくはつ,ノーマル,物理,250,150,100,5,×,○,自分以外,攻撃後、自分が『ひんし』状態になる。
ダイビング,みず,物理,80,130,100,10,○,○,1体選択,1ターン目に水中へ潜り、2ターン目に攻撃する。水中にいる間は『なみのり』『うずしお』以外の技を受けない。
ダイフェアリー,フェアリー,-,-,-,-,-,×,×,1体選択,『フェアリー』タイプの攻撃技のダイマックス技。5ターンの間、場の状態を『ミストフィールド』にする(『ひこう』タイプや特性『ふゆう』などではない地面にいるすべてのポケモンは、状態異常にならず、また『ドラゴン』タイプの技の受けるダメージが半減する)。自分の命中率、相手の回避率に関係なく必ず命中する。レイドでは相手の不思議なバリアのゲージを2つ減らす。
ダイホロウ,ゴースト,-,-,-,-,-,×,×,1体選択,『ゴースト』タイプの攻撃技のダイマックス技。相手の『ぼうぎょ』ランクを1段階下げる。自分の命中率、相手の回避率に関係なく必ず命中する。レイドでは相手の不思議なバリアのゲージを2つ減らす。
ダイマックスほう,ドラゴン,特殊,100,140,100,5,×,○,1体選択,相手がダイマックスしていると、ダメージが2倍になる。
だいもんじ,ほのお,特殊,110,140,85,5,×,○,1体選択,10%の確率で相手を『やけど』状態にする。
ダイロック,いわ,-,-,-,-,-,×,×,1体選択,『いわ』タイプの攻撃技のダイマックス技。5ターンの間、天気を『すなあらし』にする。自分の命中率、相手の回避率に関係なく必ず命中する。レイドでは相手の不思議なバリアのゲージを2つ減らす。
ダイワーム,むし,-,-,-,-,-,×,×,1体選択,『むし』タイプの攻撃技のダイマックス技。相手の『とくこう』ランクを1段階下げる。自分の命中率、相手の回避率に関係なく必ず命中する。レイドでは相手の不思議なバリアのゲージを2つ減らす。
だくりゅう,みず,特殊,90,130,85,10,×,○,相手全体,30%の確率で相手の命中率を1段階下げる。
ダストシュート,どく,物理,120,95,80,5,×,○,1体選択,30%の確率で相手を『どく』状態にする。
ダブルアタック,ノーマル,物理,35,120,90,10,○,○,1体選択,1ターンに2回連続で攻撃する。
ダブルウイング,ひこう,物理,40,130,90,10,○,○,1体選択,1ターンに2回連続で攻撃する。
ダブルチョップ,ドラゴン,物理,40,130,90,15,○,○,1体選択,1ターンに2回連続で攻撃する。
ダブルパンツァー,はがね,物理,60,140,100,5,○,○,1体選択,1ターンに2回連続で攻撃し、それぞれ30%の確率で相手をひるませる。
ダメおし,あく,物理,60,110,100,10,○,○,1体選択,そのターン、相手が既にダメージを受けている時、威力が2倍になる。
ちいさくなる,ノーマル,変化,-,-,-,10,×,×,自分,自分の回避率を2段階上げる。ただし、技『のしかかり』『ふみつけ』『ドラゴンダイブ』『ハードローラー』『ハイパーダーククラッシャー』『フライングプレス』『ヒートスタンプ』『ヘビーボンバー』は必ず命中し威力2倍で受けるようになってしまう(ヒートスタンプは第6世代以降、ヘビーボンバーは第7世代以降。なお、ゴーストダイブは第6世代のみ)。
ちからをすいとる,くさ,変化,-,-,100,10,×,○,1体選択,相手の『こうげき』の能力値と同じ値だけ自分のHPを回復し、相手の『こうげき』ランクを1段階下げる。特性などでランクが下がらない場合は、回復の効果のみ発動する。すでにランクが最低の場合は失敗する。
ちきゅうなげ,かくとう,物理,-,75,100,20,○,○,1体選択,自分のレベルと同じ値の固定ダメージを与える。
チャージビーム,でんき,特殊,50,100,90,10,×,○,1体選択,70%の確率で自分の『とくこう』ランクが1段階上がる。
チャームボイス,フェアリー,特殊,40,90,-,15,×,○,相手全体,自分の命中率、相手の回避率に関係なく必ず命中する。音系の技。相手の『みがわり』状態を貫通する。
ちょうおんぱ,ノーマル,変化,-,-,55,20,×,○,1体選択,相手を1～4ターンの間『こんらん』状態にする。音系の技。相手の『みがわり』状態を貫通する。
ちょうのまい,むし,変化,-,-,-,20,×,×,自分,自分の『とくこう』『とくぼう』『すばやさ』ランクが1段階ずつ上がる。
ちょうはつ,あく,変化,-,-,100,20,×,○,1体選択,3ターンの間、相手は攻撃技しか出せなくなる。(変化技を使えなくする)
ついばむ,ひこう,物理,60,110,100,20,○,○,1体選択,相手が持っているバトルに効果のある『きのみ』を奪って、自分に使う。
つきのひかり,フェアリー,変化,-,-,-,5,×,×,自分,HPが、天気が通常の時は最大HPの1/2、『ひざしがつよい』の時は最大HPの2/3、『あめ』『あられ』『すなあらし』の時は最大HPの1/4回復する。
つけあがる,あく,物理,20,130,100,10,○,○,1体選択,自分のいずれかの能力ランクが1つ上がる度に威力が20上がる。
つじぎり,あく,物理,70,120,100,15,○,○,1体選択,急所に当たりやすい(急所ランク:+1)。
つっぱり,かくとう,物理,15,70,100,20,○,○,1体選択,1ターンに2～5回連続で攻撃する。
つつく,ひこう,物理,35,90,100,35,○,○,1体選択,通常攻撃。
つのでつく,ノーマル,物理,65,120,100,25,○,○,1体選択,通常攻撃。
つのドリル,ノーマル,物理,-,130,30,5,○,○,1体選択,相手を『ひんし』状態にする。相手のレベルが自分より高いと失敗する。(30＋自分のレベル－相手のレベル)が命中率になる。ダイマックスしている相手には無効。
つばさでうつ,ひこう,物理,60,110,100,35,○,○,1体選択,通常攻撃。
つばめがえし,ひこう,物理,60,110,-,20,○,○,1体選択,自分の命中率、相手の回避率に関係なく必ず命中する。
つぶらなひとみ,フェアリー,変化,-,-,100,30,×,○,1体選択,必ず先制できる(優先度:+1)。相手の『こうげき』ランクを1段階下げる。
つぼをつく,ノーマル,変化,-,-,-,30,×,×,自分か味方,ランダムで『こうげき』『ぼうぎょ』『とくこう』『とくぼう』『すばやさ』『回避率』『命中率』ランクのどれか1つが2段階上がる。
つめとぎ,あく,変化,-,-,-,15,×,×,自分,自分の『こうげき』『命中率』ランクが1段階ずつ上がる。
つららおとし,こおり,物理,85,130,90,10,×,○,1体選択,30%の確率で相手をひるませる。
つららばり,こおり,物理,25,130,100,30,×,○,1体選択,1ターンに2～5回連続で攻撃する。
つるぎのまい,ノーマル,変化,-,-,-,20,×,×,自分,自分の『こうげき』ランクを2段階上げる。
つるのムチ,くさ,物理,45,100,100,25,○,○,1体選択,通常攻撃。
てかげん,ノーマル,物理,40,90,100,40,○,○,1体選択,この技のダメージで相手のHPが0になる時、相手のHPを1にする。野生のポケモンを捕まえる時に便利。
てだすけ,ノーマル,変化,-,-,-,20,×,×,味方1体,必ず先制できる(優先度:+5)。使用したターンの間、味方の技の威力を1.5倍にする。
てっていこうせん,はがね,特殊,140,140,95,5,×,○,1体選択,自分のHPを最大HPの半分だけ減らす。『まもる』などで技が防がれた場合も、自分のHPは減る。
てっぺき,はがね,変化,-,-,-,15,×,×,自分,自分の『ぼうぎょ』ランクを2段階上げる。
テレポート,エスパー,変化,-,-,-,20,×,×,自分,必ず後攻になる(優先度:-6)。手持ちのポケモンと入れ替わる。(第7世代までは、野生のポケモンとの戦闘を終了する効果だった)
てをつなぐ,ノーマル,変化,-,-,-,40,×,×,味方1体,効果なし。
てんしのキッス,フェアリー,変化,-,-,75,10,×,○,1体選択,相手を1～4ターンの間『こんらん』状態にする。
であいがしら,むし,物理,90,130,100,10,○,○,1体選択,必ず先制できる(優先度:+2)。ただし、出た最初のターンしか成功しない。
DDラリアット,あく,物理,85,130,100,10,○,○,1体選択,相手の能力ランクの変化に関係なく、ダメージを与える。
デコレーション,フェアリー,変化,-,-,-,15,×,×,1体選択,相手の『こうげき』『とくこう』ランクを2段階ずつ上げる。(主にダブルバトルで味方に使うと良い)
でんきショック,でんき,特殊,40,90,100,30,×,○,1体選択,10%の確率で相手を『まひ』状態にする。
でんげきくちばし,でんき,物理,85,130,100,10,○,○,1体選択,相手より先に攻撃できると技の威力が2倍になる。
でんげきは,でんき,特殊,60,110,-,20,×,○,1体選択,自分の命中率、相手の回避率に関係なく必ず命中する。
でんこうせっか,ノーマル,物理,40,90,100,30,○,○,1体選択,必ず先制できる(優先度:+1)。
でんじは,でんき,変化,-,-,90,20,×,○,1体選択,相手を『まひ』状態にする。『じめん』タイプや『でんき』タイプには無効。(第6世代は命中率:100)
でんじふゆう,でんき,変化,-,-,-,10,×,×,自分,5ターンの間、『じめん』タイプの技を受けなくなる。
でんじほう,でんき,特殊,120,140,50,5,×,○,1体選択,100%の確率で相手を『まひ』状態にする。
トーチカ,どく,変化,-,-,-,10,×,×,自分,必ず先制でき(優先度:+4)、そのターンの間、相手の攻撃を防ぐと同時に、直接攻撃をした相手を『どく』状態にする。連続で使うと失敗しやすくなる。ダイマックス技や第7世代のZワザの攻撃技は貫通し、1/4のダメージを受ける。
とおせんぼう,ノーマル,変化,-,-,-,5,×,×,1体選択,相手は逃げたり、交代できなくなる。自分が場を離れると効果は消える。
とおぼえ,ノーマル,変化,-,-,-,40,×,×,味方全体,味方全体の『こうげき』ランクを1段階上げる(第7世代までは、対象は自分のみ)。第8世代からは、音系の技。
とぎすます,ノーマル,変化,-,-,-,30,×,×,自分,次のターン、自分の技が必ず急所に当たるようになる。
とぐろをまく,どく,変化,-,-,-,20,×,×,自分,自分の『こうげき』『ぼうぎょ』『命中率』ランクが1段階ずつ上がる。
とける,どく,変化,-,-,-,20,×,×,自分,自分の『ぼうぎょ』ランクを2段階上げる。
とっしん,ノーマル,物理,90,130,85,20,○,○,1体選択,相手に与えたダメージの1/4を自分も受ける。
とっておき,ノーマル,物理,140,140,100,5,○,○,1体選択,この技は自分の持っている他の技をすべて使うと使えるようになる。
とどめばり,むし,物理,50,100,100,25,○,○,1体選択,この技で相手を倒すと、自分の『こうげき』ランクが3段階上がる。(第6世代は威力:30、2段階上昇)
とびかかる,むし,物理,80,130,100,15,○,○,1体選択,100%の確率で相手の『こうげき』ランクを1段階下げる。
とびはねる,ひこう,物理,85,130,85,5,○,○,1体選択,1ターン目に空中へ飛び上がり、2ターン目に攻撃する。空中にいる間は『うちおとす』『かぜおこし』『かみなり』『サウザンアロー』『スカイアッパー』『たつまき』『ぼうふう』以外の技を受けない。30%の確率で相手を『まひ』状態にする。
とびひざげり,かくとう,物理,130,95,90,10,○,○,1体選択,攻撃が外れたり、相手の技『まもる』などで失敗すると、自分の最大HPの半分のダメージを自分が受ける。
ともえなげ,かくとう,物理,60,80,90,10,○,○,1体選択,必ず後攻になる(優先度:-6)。攻撃後、相手のポケモンを強制的に交代させる。野生のポケモンの場合は戦闘を終了する。ダイマックスしている相手には追加効果は無効。
トライアタック,ノーマル,特殊,80,130,100,10,×,○,1体選択,20%の確率で相手を『まひ』『やけど』『こおり』状態のうちの1つにする。どの状態異常になるかはランダム。
トラップシェル,ほのお,特殊,150,150,100,5,×,○,相手全体,必ず後攻になる(優先度:-3)。そのターン、最初に相手の物理技のダメージを受けた直後に、相手全体を攻撃する。自分のターンまでに相手の物理技のダメージを受けなかった場合は失敗する。
トラバサミ,くさ,物理,35,90,100,15,○,○,1体選択,4～5ターンの間、毎ターン終了後最大HPの1/8のダメージを与え、その間相手は逃げたり交代できない。
トリック,エスパー,変化,-,-,100,10,×,○,1体選択,相手と自分が持っている道具を入れ替える。片方しか道具を持っていない場合も成功する。
トリックガード,フェアリー,変化,-,-,-,10,×,×,味方の場,必ず先制でき(優先度:+3)、そのターンの間、すべての味方への変化技を無効化する。
トリックルーム,エスパー,変化,-,-,-,5,×,×,全体の場,5ターンの間、『すばやさ』が低いポケモンから攻撃できるようになる。ただし、必ず先制できる技には無効。もう1度使用すると元に戻る。必ず後攻になる(優先度:-7)。
トリプルキック,かくとう,物理,10,80,90,10,○,○,1体選択,1ターンに3回連続で攻撃する。攻撃が当たる度に威力が10ずつ増える。
トロピカルキック,くさ,物理,70,120,100,15,○,○,1体選択,100%の確率で相手の『こうげき』ランクを1段階下げる。
とんぼがえり,むし,物理,70,120,100,20,○,○,1体選択,攻撃後、手持ちのポケモンと入れ替わる。
どくガス,どく,変化,-,-,90,40,×,○,相手全体,相手を『どく』状態にする。『どく』タイプや『はがね』タイプには無効。
どくづき,どく,物理,80,90,100,20,○,○,1体選択,30%の確率で相手を『どく』状態にする。
どくどく,どく,変化,-,-,90,10,×,○,1体選択,相手を『もうどく』状態にする。『もうどく』状態は通常の『どく』状態と違い、受けるダメージが1/16、2/16、3/16・・・と増えていく。『どく』タイプのポケモンが使うと必ず命中する。『どく』タイプや『はがね』タイプには無効。
どくどくのキバ,どく,物理,50,75,100,15,○,○,1体選択,50%の確率で相手を『もうどく』状態にする。『もうどく』状態は通常の『どく』状態と違い、受けるダメージが1/16、2/16、3/16・・・と増えていく。
どくのこな,どく,変化,-,-,75,35,×,○,1体選択,相手を『どく』状態にする。『どく』タイプや『はがね』タイプ、『くさ』タイプ、特性『ぼうじん』、道具『ぼうじんゴーグル』を持っているポケモンには無効。
どくばり,どく,物理,15,70,100,35,×,○,1体選択,30%の確率で相手を『どく』状態にする。
どくびし,どく,変化,-,-,-,20,×,×,相手の場,使用後、相手はポケモンを交代する度に、出したポケモンが『どく』状態になる。2回使うと『もうどく』状態になる。『ひこう』タイプ、特性『ふゆう』のポケモンは効果を受けない。『どく』タイプのポケモンが出ると効果がなくなる。
どげざつき,あく,物理,80,130,-,10,○,○,1体選択,自分の命中率、相手の回避率に関係なく必ず命中する
ドラゴンアロー,ドラゴン,物理,50,130,100,10,×,○,1体選択,1ターンに2回連続で攻撃する。相手が2匹いる場合は、それぞれに1回ずつ攻撃する。
ドラゴンクロー,ドラゴン,物理,80,130,100,15,○,○,1体選択,通常攻撃。
ドラゴンダイブ,ドラゴン,物理,100,130,75,10,○,○,1体選択,20%の確率で相手をひるませる。相手が『ちいさくなる』を使用していると必ず命中し、威力が2倍になる。
ドラゴンテール,ドラゴン,物理,60,110,90,10,○,○,1体選択,必ず後攻になる(優先度:-6)。攻撃後、相手のポケモンを強制的に交代させる。野生のポケモンの場合は戦闘を終了する。ダイマックスしている相手には追加効果は無効。
ドラムアタック,くさ,物理,80,130,100,10,×,○,1体選択,100%の確率で相手の『すばやさ』ランクを1段階下げる。
トリプルアクセル,こおり,物理,20,140,90,20,○,○,1ターンに3回連続で攻撃する。攻撃が当たる度に威力が20ずつ増える。
ドリルくちばし,ひこう,物理,80,130,100,20,○,○,1体選択,通常攻撃。
ドリルライナー,じめん,物理,80,130,95,10,○,○,1体選択,急所に当たりやすい(急所ランク:+1)。
ドレインキッス,フェアリー,特殊,50,100,100,10,○,○,1体選択,相手に与えたダメージの3/4だけ自分のHPが回復する。
ドレインパンチ,かくとう,物理,75,90,100,10,○,○,1体選択,相手に与えたダメージの半分だけ自分のHPが回復する。特性『てつのこぶし』の時、威力が1.2倍になる。
どろかけ,じめん,特殊,20,90,100,10,×,○,1体選択,100%の確率で相手の命中率を1段階下げる。
どろぼう,あく,物理,60,110,100,25,○,○,1体選択,相手が持っている道具を自分の物にする。自分が既に道具を持っている場合は失敗するが、技『はたきおとす』で自分の道具が無効化されている時は奪う事ができ、道具は上書きされる。トレーナー戦の場合はバトル終了後になくなる。
ドわすれ,エスパー,変化,-,-,-,20,×,×,自分,自分の『とくぼう』ランクを2段階上げる。
ないしょばなし,ノーマル,変化,-,-,-,20,×,×,1体選択,相手の『とくこう』ランクを1段階下げる。自分の命中率、相手の回避率に関係なく必ず命中する。相手の『まもる』『みきり』『トーチカ』『ニードルガード』『ブロッキング』の効果を受けない(『ダイウォール』を除く)。音系の技。相手の『みがわり』状態を貫通する。
ナイトバースト,あく,特殊,85,130,95,10,×,○,1体選択,40%の確率で相手の命中率を1段階下げる。
ナイトヘッド,ゴースト,特殊,-,100,100,15,×,○,1体選択,自分のレベルと同じ値の固定ダメージを与える。
なかまづくり,ノーマル,変化,-,-,100,15,×,○,1体選択,相手の特性を自分と同じ特性にする。
なかよくする,ノーマル,変化,-,-,-,20,×,×,1体選択,相手の『こうげき』ランクを1段階下げる。自分の命中率、相手の回避率に関係なく必ず命中する。相手の『まもる』『みきり』『トーチカ』『ニードルガード』『ブロッキング』の効果を受けない(『ダイウォール』を除く)。相手の『みがわり』状態を貫通する。
なきごえ,ノーマル,変化,-,-,100,40,×,○,相手全体,相手の『こうげき』ランクを1段階下げる。音系の技。相手の『みがわり』状態を貫通する。
なげつける,あく,物理,-,100,100,10,×,○,1体選択,自分の持っている道具によって効果が変化する。投げつけた道具はなくなる。
なまける,ノーマル,変化,-,-,-,10,×,×,自分,HPが最大HPの半分回復する。
なみだめ,ノーマル,変化,-,-,-,20,×,×,1体選択,相手の『こうげき』『とくこう』ランクを1段階ずつ下げる。自分の命中率、相手の回避率に関係なく必ず命中する。相手の『まもる』『みきり』『トーチカ』『ニードルガード』『ブロッキング』の効果を受けない(『ダイウォール』を除く)。
なみのり,みず,特殊,90,130,100,15,×,○,自分以外,相手が『ダイビング』を使っている時でも命中し、ダメージが2倍になる。
なやみのタネ,くさ,変化,-,-,100,10,×,○,1体選択,相手の特性を『ふみん』にする。ただし、『なまけ』『バトルスイッチ』など一部の固有な特性の場合は失敗する。
なりきり,エスパー,変化,-,-,-,10,×,×,1体選択,自分の特性を相手の特性と同じにする。ただし、『ふしぎなまもり』など一部の固有な特性はコピーできない。
ニードルガード,くさ,変化,-,-,-,10,×,×,自分,必ず先制でき(優先度:+4)、そのターンの間、相手の攻撃を防ぐと同時に、直接攻撃をした相手に相手の最大HPの1/8のダメージを与える。連続で使うと失敗しやすくなる。ダイマックス技や第7世代のZワザの攻撃技は貫通し、1/4のダメージを受ける。
ニトロチャージ,ほのお,物理,50,100,100,20,○,○,1体選択,100%の確率で自分の『すばやさ』ランクが1段階上がる。
にどげり,かくとう,物理,30,80,100,30,○,○,1体選択,1ターンに2回連続で攻撃する。
にほんばれ,ほのお,変化,-,-,-,5,×,×,全体の場,5ターンの間、天気を『ひざしがつよい』にする。
にらみつける,ノーマル,変化,-,-,100,30,×,○,相手全体,相手の『ぼうぎょ』ランクを1段階下げる。
ねがいごと,ノーマル,変化,-,-,-,10,×,×,自分,次のターンの終了時にHPが最大HPの半分回復する。交代した場合は同じ位置にいるポケモンが回復する。
ねこだまし,ノーマル,物理,40,90,100,10,○,○,1体選択,必ず先制でき(優先度:+3)、100%の確率で相手をひるませる。ただし、出た最初のターンしか成功しない。
ネコにこばん,ノーマル,物理,40,90,100,20,×,○,1体選択,戦闘終了後にお金が(自分のレベル×攻撃回数×5)円余計に手に入る。
ねごと,ノーマル,変化,-,-,-,10,×,×,自分,自分が『ねむり』状態の時のみ使用可能。自分の持っている技のうち1つをランダムで使う。PPが減少するのはこの技のみ。
ねっさのだいち,じめん,特殊,70,120,100,10,×,○,1体選択,30%の確率で相手を『やけど』状態にする。自分が『こおり』状態の時でも使う事ができ、使うと『こおり』状態が治る。
ねっとう,みず,特殊,80,130,100,15,×,○,1体選択,30%の確率で相手を『やけど』状態にする。自分が『こおり』状態の時でも使う事ができ、使うと『こおり』状態が治る。また、相手の『こおり』状態を治す。
ねっぷう,ほのお,特殊,95,130,90,10,×,○,相手全体,10%の確率で相手を『やけど』状態にする。
ねばねばネット,むし,変化,-,-,-,20,×,×,相手の場,使用後、相手はポケモンを交代する度に、出てきたポケモンの『すばやさ』ランクが1段階下がる。『ひこう』タイプや特性『ふゆう』のポケモンは影響を受けない。
ねむりごな,くさ,変化,-,-,75,15,×,○,1体選択,相手を2～4ターン(実質1～3ターン)の間『ねむり』状態にする。『くさ』タイプや特性『ぼうじん』、道具『ぼうじんゴーグル』を持っているポケモンには無効。
ねむる,エスパー,変化,-,-,-,10,×,×,自分,HPと状態異常をすべて回復した後、2ターンの間『ねむり』状態になる。
ねらいうち,みず,特殊,80,130,100,15,×,○,1体選択,急所に当たりやすい(急所ランク:+1)。特性『ひらいしん』『よびみず』や技『いかりのこな』『このゆびとまれ』『サイドチェンジ』『スポットライト』の攻撃対象を変更する効果の影響を受けずに攻撃できる。
ねをはる,くさ,変化,-,-,-,20,×,×,自分,使用後、毎ターン、HPが最大HPの1/16ずつ回復するが、交代できなくなる。自分が『ひこう』タイプや、特性『ふゆう』のポケモンの場合は『じめん』タイプの技が当たるようになる。
ねんりき,エスパー,特殊,50,100,100,25,×,○,1体選択,10%の確率で相手を1～4ターンの間『こんらん』状態にする。
のしかかり,ノーマル,物理,85,130,100,15,○,○,1体選択,30%の確率で相手を『まひ』状態にする。相手が技『ちいさくなる』を使用していると必ず命中し、威力が2倍になる。
のみこむ,ノーマル,変化,-,-,-,10,×,×,自分,技『たくわえる』を使った数だけHPが多く回復する。1つの時は最大HPの1/4、2つの時は最大HPの1/2、3つの時は全回復する。技『たくわえる』で上がった『ぼうぎょ』『とくぼう』ランクは元に戻る。技『たくわえる』を使っていない時は失敗する。
のろい,ゴースト,変化,-,-,-,10,×,×,不定,自分のタイプが『ゴースト』タイプの時は自分のHPを最大HPの半分だけ減らして、相手を『のろい』状態にする。『のろい』状態になると毎ターン、HPが最大HPの1/4ずつ減る。それ以外のポケモンの場合『すばやさ』ランクが1段階下がり、『こうげき』『ぼうぎょ』ランクが1段階ずつ上がる。
ハードプラント,くさ,特殊,150,150,90,5,×,○,1体選択,使用した次のターンは行動できない。
はいすいのじん,かくとう,変化,-,-,-,5,×,×,自分,自分のすべての『のうりょく』ランクが1段階ずつ上がるが、逃げたり交代したりできなくなる。2回目からは失敗する。
ハイドロカノン,みず,特殊,150,150,90,5,×,○,1体選択,使用した次のターンは行動できない。
ハイドロポンプ,みず,特殊,110,140,80,5,×,○,1体選択,通常攻撃。
ハイパーボイス,ノーマル,特殊,90,130,100,10,×,○,相手全体,音系の技。相手の『みがわり』状態を貫通する。
はいよるいちげき,むし,物理,70,120,90,10,○,○,1体選択,100%の確率で、相手の『とくこう』ランクを1段階下げる
はかいこうせん,ノーマル,特殊,150,150,90,5,×,○,1体選択,使用した次のターンは行動できない。
はがねのつばさ,はがね,物理,70,120,90,25,○,○,1体選択,10%の確率で自分の『ぼうぎょ』ランクが1段階上がる。
はきだす,ノーマル,特殊,-,100,100,10,×,○,1体選択,技『たくわえる』を使った数だけ威力が高くなる。1つの時は100、2つの時は200、3つの時は300になる。技『たくわえる』で上がった『ぼうぎょ』『とくぼう』ランクは元に戻る。技『たくわえる』を使っていない時は失敗する。
ハサミギロチン,ノーマル,物理,-,130,30,5,○,○,1体選択,相手を『ひんし』状態にする。相手のレベルが自分より高いと失敗する。(30＋自分のレベル－相手のレベル)が命中率になる。ダイマックスしている相手には無効。
はさむ,ノーマル,物理,55,110,100,30,○,○,1体選択,通常攻撃。
はたきおとす,あく,物理,65,120,100,20,○,○,1体選択,相手が道具を持っている場合、ダメージが1.5倍になり、さらに道具を持っていない状態にする。戦闘終了後、道具は元に戻る。
はたく,ノーマル,物理,40,90,100,35,○,○,1体選択,通常攻撃。
はっけい,かくとう,物理,60,80,100,10,○,○,1体選択,30%の確率で相手を『まひ』状態にする。
はっぱカッター,くさ,物理,55,110,95,25,×,○,相手全体,急所に当たりやすい(急所ランク:+1)。
ハッピータイム,ノーマル,変化,-,-,-,30,×,×,味方の場,戦闘後に得られる賞金が2倍になる。
はどうだん,かくとう,特殊,80,90,-,20,×,○,1体選択,自分の命中率、相手の回避率に関係なく必ず命中する。
はなびらのまい,くさ,特殊,120,140,100,10,○,○,ランダム1体,2～3ターン連続で攻撃し、その後自分は1～4ターンの間『こんらん』状態になる。
はなふぶき,くさ,物理,90,130,100,15,×,○,自分以外,通常攻撃。
はねやすめ,ひこう,変化,-,-,-,10,×,×,自分,HPが最大HPの半分回復するが、そのターンは『ひこう』タイプではなくなる。
はねる,ノーマル,変化,-,-,-,40,×,×,自分,何も起こらない。
はめつのねがい,はがね,特殊,140,140,100,5,×,×,1体選択,2ターン後に攻撃する。交代した場合は同じ位置にいるポケモンに攻撃する。タイプ相性の影響を受ける。
はらだいこ,ノーマル,変化,-,-,-,10,×,×,自分,自分のHPを最大HPの半分だけ減らす代わりに、自分の『こうげき』ランクを最大まで上げる。
ハロウィン,ゴースト,変化,-,-,100,20,×,○,1体選択,相手の『タイプ』に『ゴースト』タイプを追加する。
バークアウト,あく,特殊,55,110,95,15,×,○,相手全体,100%の確率で相手の『とくこう』ランクを1段階下げる。音系の技。相手の『みがわり』状態を貫通する。
ばかぢから,かくとう,物理,120,95,100,5,○,○,1体選択,攻撃後、自分の『こうげき』『ぼうぎょ』ランクが1段階ずつ下がる。
ばくおんぱ,ノーマル,特殊,140,140,100,10,×,○,自分以外,音系の技。相手の『みがわり』状態を貫通する。
ばくれつパンチ,かくとう,物理,100,90,50,5,○,○,1体選択,100%の確率で相手を1～4ターンの間『こんらん』状態にする。特性『てつのこぶし』の時、威力が1.2倍になる。
バトンタッチ,ノーマル,変化,-,-,-,40,×,×,自分,他の味方のポケモンと交代し、かかっていた補助効果を引き継ぐ。
バブルこうせん,みず,特殊,65,120,100,20,×,○,1体選択,10%の確率で相手の『すばやさ』ランクを1段階下げる。
バレットパンチ,はがね,物理,40,90,100,30,○,○,1体選択,必ず先制できる(優先度:+1)。特性『てつのこぶし』の時、威力が1.2倍になる。
パラボラチャージ,でんき,特殊,65,120,100,20,×,○,自分以外,与えたダメージの半分自分のHPが回復する。(第6世代は威力:50)
パワーウィップ,くさ,物理,120,140,85,10,○,○,1体選択,通常攻撃。
パワーシェア,エスパー,変化,-,-,-,10,×,○,1体選択,自分と相手の『こうげき』と『とくこう』を足して半分に分ける。
パワージェム,いわ,特殊,80,130,100,20,×,○,1体選択,通常攻撃。
パワースワップ,エスパー,変化,-,-,-,10,×,○,1体選択,自分と相手の『こうげき』『とくこう』ランクを入れ替える。
パワートリック,エスパー,変化,-,-,-,10,×,×,自分,自分の『こうげき』と『ぼうぎょ』を入れ替える。『ランク』は変化しない。
ヒートスタンプ,ほのお,物理,-,130,100,10,○,○,1体選択,自分の『おもさ』が相手より重いほど威力が高くなる。相手の『おもさ』が自分の1/5以下なら120、1/4以下なら100、1/3以下なら80、1/2以下なら60、それ以上なら40。相手が技『ちいさくなる』を使用していると必ず命中し、威力が2倍になる(第6世代以降)。ダイマックスしている相手には無効。
ひかりのかべ,エスパー,変化,-,-,-,30,×,×,味方の場,5ターンの間、相手の特殊攻撃のダメージを半分にする。味方が複数の場合は半分ではなく2/3になる。急所に当たった場合は軽減されない。交代しても効果は続く。
ひっかく,ノーマル,物理,40,90,100,35,○,○,1体選択,通常攻撃。
ひっくりかえす,あく,変化,-,-,-,20,×,○,1体選択,相手のすべての『能力』ランクのプラスとマイナスを逆にする。
ひのこ,ほのお,特殊,40,90,100,25,×,○,1体選択,10%の確率で相手を『やけど』状態にする。
びりびりちくちく,でんき,物理,80,130,100,10,○,○,1体選択,30%の確率で相手をひるませる。
ビルドアップ,かくとう,変化,-,-,-,20,×,×,自分,自分の『こうげき』『ぼうぎょ』ランクを1段階ずつ上げる。
ファストガード,かくとう,変化,-,-,-,15,×,×,味方の場,必ず先制でき(優先度:+3)、そのターンの間、自分と味方は相手の先制攻撃の技を受けない。特性の効果による先制攻撃も受けない。
ふいうち,あく,物理,70,120,100,5,○,○,1体選択,必ず先制できる(優先度:+1)。相手が使う技が攻撃技ではない場合や、優先度などの関係ですでに攻撃を終えていた場合は失敗する。相手が『ねむり』『こおり』状態でも攻撃技を選択していれば成功する。(第6世代は威力:80)
ふういん,エスパー,変化,-,-,-,10,×,×,自分,自分が覚えている技を相手は使えなくなる。
フェアリーロック,フェアリー,変化,-,-,-,10,×,×,全体の場,次のターン、すべてのポケモンは逃げたり交代できなくなる。
フェイント,ノーマル,物理,30,90,100,10,×,×,1体選択,必ず先制できる(優先度:+2)。相手が技『まもる』『みきり』『たたみがえし』『トーチカ』『キングシールド』『ニードルガード』『ブロッキング』『ファストガード』『ワイドガード』をしている場合は、その効果を解除して攻撃できる(使用していない場合は通常攻撃)。『ダイウォール』は解除はできないが、貫通する。
フェザーダンス,ひこう,変化,-,-,100,15,×,○,1体選択,相手の『こうげき』ランクを2段階下げる。
フォトンゲイザー,エスパー,特殊,100,130,100,5,×,○,1体選択,自分の『こうげき』と『とくこう』の能力値の高い方でダメージ計算する。また、相手の特性の影響を受けずに攻撃する。
ふきとばし,ノーマル,変化,-,-,-,20,×,×,1体選択,必ず後攻になる(優先度:-6)。相手のポケモンを強制的に交代させる。野生のポケモンの場合は戦闘を終了する。自分の命中率、相手の回避率に関係なく必ず命中する。相手の『まもる』『みきり』『トーチカ』『ニードルガード』『ブロッキング』の効果を受けない。相手の『みがわり』状態を貫通する。ダイマックスしている相手には無効。野生のポケモンの場合、相手が自分のレベルより高い場合は失敗する。
ふくろだたき,あく,物理,-,100,100,10,×,○,1体選択,自分を含む『ひんし』や状態異常でない『てもち』のポケモンの数だけ攻撃する。
ふぶき,こおり,特殊,110,140,70,5,×,○,相手全体,10%の確率で相手を『こおり』状態にする。天気が『あられ』の時は必ず命中する。
ふみつけ,ノーマル,物理,65,120,100,20,○,○,1体選択,30%の確率で相手をひるませる。相手が技『ちいさくなる』を使用していると必ず命中し、威力が2倍になる。
フライングプレス,かくとう,物理,100,90,95,10,○,○,1体選択,この技は『かくとう』タイプであると同時に『ひこう』タイプでもある。相手が技『ちいさくなる』を使用していると必ず命中し、威力が2倍になる。(第6世代は威力:80)
フラフラダンス,ノーマル,変化,-,-,100,20,×,○,自分以外,相手を1～4ターンの間『こんらん』状態にする。
フラワーガード,フェアリー,変化,-,-,-,10,×,×,全体,すべての『くさ』タイプのポケモンの『ぼうぎょ』ランクが1段階上がる。
フラワーヒール,フェアリー,変化,-,-,-,10,×,○,1体選択,相手は最大HPの1/2回復する。ただし、『グラスフィールド』の時は最大HPの2/3回復する。(ダブルバトルで味方に使うと良い)
フリーズドライ,こおり,特殊,70,120,100,20,×,○,1体選択,10%の確率で相手を『こおり』状態にする。この技は『みず』タイプにも効果抜群になる。
フリーズボルト,こおり,物理,140,140,90,5,×,○,1体選択,1ターン目は攻撃せずに、2ターン目で攻撃する。30%の確率で相手を『まひ』状態にする。
ふるいたてる,ノーマル,変化,-,-,-,30,×,×,自分,自分の『こうげき』『とくこう』ランクが1段階ずつ上がる。
フレアドライブ,ほのお,物理,120,140,100,15,○,○,1体選択,相手に与えたダメージの1/3を自分も受ける。10%の確率で相手を『やけど』状態にする。自分が『こおり』状態の時でも使う事ができ、使うと『こおり』状態が治る。
ふんえん,ほのお,特殊,80,130,100,15,×,○,自分以外,30%の確率で相手を『やけど』状態にする。
ふんか,ほのお,特殊,150,150,100,5,×,○,相手全体,(150×自分の残りHP÷自分の最大HP)が威力になる。
Vジェネレート,ほのお,物理,180,150,95,5,○,○,1体選択,攻撃後、自分の『すばやさ』『ぼうぎょ』『とくぼう』ランクが1段階ずつ下がる。
ブラストバーン,ほのお,特殊,150,150,90,5,×,○,1体選択,使用した次のターンは行動できない。
ブレイククロー,ノーマル,物理,75,130,95,10,○,○,1体選択,50%の確率で相手の『ぼうぎょ』ランクを1段階下げる。
ブレイズキック,ほのお,物理,85,130,90,10,○,○,1体選択,10%の確率で相手を『やけど』状態にする。急所に当たりやすい(急所ランク:+1)。
ブレイブバード,ひこう,物理,120,140,100,15,○,○,1体選択,相手に与えたダメージの1/3を自分も受ける。
ブロッキング,あく,変化,-,-,100,10,×,×,自分,必ず先制でき(優先度:+4)、そのターンの間、相手の攻撃技を受けない。また、直接攻撃をしてきた相手の『ぼうぎょ』ランクを2段階下げる。連続で使うと失敗しやすくなる。
ぶんまわす,あく,物理,60,110,100,20,○,○,自分以外,通常攻撃。
プラズマフィスト,でんき,物理,100,130,100,15,○,○,1体選択,そのターンの間、すべての『ノーマル』タイプの技を『でんき』タイプにする。特性『てつのこぶし』の時、威力が1.2倍になる。
プリズムレーザー,エスパー,特殊,160,150,100,10,×,○,1体選択,使用した次のターンは行動できない。
プレゼント,ノーマル,物理,-,100,90,15,×,○,1体選択,40%の確率で威力40、30%で威力80、10%の確率で威力120になり、20%の確率で相手のHPを最大HPの1/4回復する。
ヘドロウェーブ,どく,特殊,95,90,100,10,×,○,自分以外,10%の確率で相手を『どく』状態にする。
ヘドロこうげき,どく,特殊,65,85,100,20,×,○,1体選択,30%の確率で相手を『どく』状態にする。
ヘドロばくだん,どく,特殊,90,90,100,10,×,○,1体選択,30%の確率で相手を『どく』状態にする。
ヘビーボンバー,はがね,物理,-,130,100,10,○,○,1体選択,自分の『おもさ』が相手より重いほど威力が高くなる。相手の『おもさ』が自分の1/5以下なら120、1/4以下なら100、1/3以下なら80、1/2以下なら60、それより大きければ40。相手が技『ちいさくなる』を使用していると必ず命中し、威力が2倍になる(第7世代以降)。ダイマックスしている相手には無効。
へびにらみ,ノーマル,変化,-,-,100,30,×,○,1体選択,相手を『まひ』状態にする。『でんき』タイプには無効。
へんしん,ノーマル,変化,-,-,-,10,×,×,1体選択,一時的に、相手と同じ『ナンバー』『グラフィックス』『能力値』『個体値』『ランク』『特性』『技』になる。ただしHPはそのままであり、技のPPはすべて5になる。交代すると元に戻る。ダイマックスしている相手をコピーすると、元のポケモンの姿になる。
ベノムショック,どく,特殊,65,85,100,10,×,○,1体選択,相手が『どく』状態の時、威力が2倍になる。
ベノムトラップ,どく,変化,-,-,100,20,×,○,相手全体,『どく』『もうどく』状態のすべての相手の『こうげき』『とくこう』『すばやさ』ランクを1段階ずつ下げる。
ほうでん,でんき,特殊,80,130,100,15,×,○,自分以外,30%の確率で相手を『まひ』状態にする。
ほえる,ノーマル,変化,-,-,-,20,×,×,1体選択,必ず後攻になる(優先度:-6)。相手のポケモンを強制的に交代させる。野生のポケモンの場合は戦闘を終了する。自分の命中率、相手の回避率に関係なく必ず命中する。相手の『まもる』『みきり』『トーチカ』『ニードルガード』『ブロッキング』の効果を受けない。音系の技。相手の『みがわり』状態を貫通する。ダイマックスしている相手には無効。野生のポケモンの場合、相手が自分のレベルより高い場合は失敗する。
ほおばる,ノーマル,変化,-,-,-,10,×,×,自分,自分が持っている『きのみ』を即座に使って効果を発動させ、さらに自分の『ぼうぎょ』ランクを2段階上げる。
ほしがる,ノーマル,物理,60,110,100,25,○,○,1体選択,相手が持っている道具を自分の物にする。自分が既に道具を持っている場合は失敗するが、技『はたきおとす』で自分の道具が無効化されている時は奪う事ができ、道具は上書きされる。トレーナー戦の場合はバトル終了後になくなる。
ほっぺすりすり,でんき,物理,20,90,100,20,○,○,1体選択,100%の確率で相手を『まひ』状態にする。
ホネブーメラン,じめん,物理,50,130,90,10,×,○,1体選択,1ターンに2回連続で攻撃する。
ほのおのうず,ほのお,特殊,35,90,85,15,×,○,1体選択,4～5ターンの間、毎ターン終了後最大HPの1/8のダメージを与え、その間相手は逃げたり交代できない。
ほのおのキバ,ほのお,物理,65,120,95,15,○,○,1体選択,10%の確率で相手を『やけど』状態にするか、ひるませる。
ほのおのちかい,ほのお,特殊,80,130,100,10,×,○,1体選択,ダブルバトルで、技『くさのちかい』と組み合わせて使用すると4ターンの間毎ターン『ほのお』タイプ以外の相手にダメージを与え、技『みずのちかい』と組み合わせて使用すると4ターンの間技の追加効果が出やすくなる。また、威力が150になる。
ほのおのパンチ,ほのお,物理,75,130,100,15,○,○,1体選択,10%の確率で相手を『やけど』状態にする。特性『てつのこぶし』の時、威力が1.2倍になる。
ほのおのまい,ほのお,特殊,80,130,100,10,×,○,1体選択,50%の確率で自分の『とくこう』ランクが1段階上がる。
ほのおのムチ,ほのお,物理,80,130,100,15,○,○,1体選択,100%の確率で相手の『ぼうぎょ』ランクを1段階下げる。
ほろびのうた,ノーマル,変化,-,-,-,5,×,×,全体,3ターン終了後に、この技を使った時に出ていた自分を含むすべてのポケモンは『ひんし』状態になる。それまでに交代したポケモンは効果が消える。音系の技。相手の『みがわり』状態を貫通する。
ボーンラッシュ,じめん,物理,25,130,90,10,×,○,1体選択,1ターンに2～5回連続で攻撃する。
ぼうぎょしれい,むし,変化,-,-,-,10,×,×,自分,自分の『ぼうぎょ』『とくぼう』ランクが1段階ずつ上がる。
ぼうふう,ひこう,特殊,110,140,70,10,×,○,1体選択,30%の確率で、相手を2～5ターンの間『こんらん』状態にする。天気が『あめ』の時は必ず命中し、『ひざしがつよい』の時は命中率が50%になる。相手が技『そらをとぶ』『とびはねる』『フリーフォール』を使っている時でも命中する。
ボディパージ,はがね,変化,-,-,-,15,×,×,自分,自分の『すばやさ』ランクが2段階上がる。また、自分の『おもさ』が100kg軽くなる。
ボディプレス,かくとう,物理,80,90,100,10,○,○,1体選択,『こうげき』ではなく、自分の『ぼうぎょ』と『ぼうぎょ』ランクを『こうげき』の数値にしてダメージ計算する。
ポルターガイスト,ゴースト,物理,110,140,90,5,×,○,1体選択,相手が道具を持っていない時は失敗する。なお、相手の道具を無効にする効果はない。
ボルテッカー,でんき,物理,120,140,100,15,○,○,1体選択,相手に与えたダメージの1/3を自分も受ける。10%の確率で相手を『まひ』状態にする。
ボルトチェンジ,でんき,特殊,70,120,100,20,×,○,1体選択,攻撃後、手持ちのポケモンと入れ替わる。
ポイズンテール,どく,物理,50,75,100,25,○,○,1体選択,10%の確率で相手を『どく』状態にする。急所に当たりやすい(急所ランク:+1)。
まきつく,ノーマル,物理,15,90,90,20,○,○,1体選択,4～5ターンの間、毎ターン終了後最大HPの1/8のダメージを与え、その間相手は逃げたり交代できない。
まきびし,じめん,変化,-,-,-,20,×,×,相手の場,使用後、相手はポケモンを交代する度にダメージを受ける。3回まで使うことができ、1回の時は相手の最大HPの1/8、2回の時は相手の最大HPの1/6、3回の時は相手の最大HPの1/4のダメージを与える。『ひこう』タイプ、特性『ふゆう』のポケモンはダメージを受けない。
マグマストーム,ほのお,特殊,-,-,-,20,×,×,4～5ターンの間、毎ターン終了後最大HPの1/8のダメージを与え、その間『ゴースト』タイプではない相手は逃げたり交代できない。
マジカルシャイン,フェアリー,特殊,80,130,100,10,×,○,相手全体,通常攻撃。
マジカルフレイム,ほのお,特殊,100,130,75,5,×,○,1体選択,100%の確率で相手の『とくこう』ランクを1段階下げる。(第6世代は威力:65)
マジカルリーフ,くさ,特殊,60,110,-,20,×,○,1体選択,自分の命中率、相手の回避率に関係なく必ず命中する。
マジックコート,エスパー,変化,-,-,-,15,×,×,自分,必ず先制でき、そのターンの間、自分が受ける変化技を使用した相手に跳ね返す。跳ね返す技の命中率は、『マジックコート』を使用したポケモンで計算される。(優先度:+4)
マジックルーム,エスパー,変化,-,-,-,10,×,×,全体の場,5ターンの間、すべてのポケモンの道具の効果がなくなる。
マッドショット,じめん,特殊,55,110,95,15,×,○,1体選択,100%の確率で相手の『すばやさ』ランクを1段階下げる。
マッハパンチ,かくとう,物理,40,70,100,30,○,○,1体選択,必ず先制できる(優先度:+1)。特性『てつのこぶし』の時、威力が1.2倍になる。
まとわりつく,むし,特殊,20,90,100,20,○,○,1体選択,4～5ターンの間、毎ターン終了後最大HPの1/8のダメージを与え、その間相手は逃げたり交代できない。
まねっこ,ノーマル,変化,-,-,-,20,×,×,自分,最後に使われた技で相手に攻撃する。自分の技も対象となる。最後の技がダイマックス技の場合、元となった技が使われる。
まほうのこな,エスパー,変化,-,-,100,20,×,○,1体選択,相手を『エスパー』タイプにする。『くさ』タイプや特性『ぼうじん』、道具『ぼうじんゴーグル』を持っているポケモンには無効。
まもる,ノーマル,変化,-,-,-,10,×,×,自分,必ず先制でき(優先度:+4)、そのターンの間、相手の技を受けない。連続で使うと失敗しやすくなる。ダイマックス技や第7世代のZワザの攻撃技は貫通し、1/4のダメージを受ける。
まるくなる,ノーマル,変化,-,-,-,40,×,×,自分,自分の『ぼうぎょ』ランクを1段階上げる。
マルチアタック,ノーマル,物理,120,95,100,10,○,○,1体選択,持たせた専用の道具『メモリ』の種類によって『タイプ』が変わる。(第7世代までは威力90)
みがわり,ノーマル,変化,-,-,-,10,×,×,自分,自分のHPを最大HPの1/4だけ減らして、減らしたHPと同じHPの自分の分身を作り、分身のHPが0になるまですべての攻撃を自分の代わりに分身が受ける。分身は状態異常にならない。ただし、音系の技などはそのまま受ける。
みきり,かくとう,変化,-,-,-,5,×,×,自分,必ず先制でき(優先度:+4)、そのターンの間、相手の技を受けない。連続で使うと失敗しやすくなる。ダイマックス技や第7世代のZワザの攻撃技は貫通し、1/4のダメージを受ける。
ミサイルばり,むし,物理,25,130,95,20,×,○,1体選択,1ターンに2～5回連続で攻撃する。
ミストバースト,フェアリー,特殊,100,130,100,5,×,○,自分以外,5ターンの間、場の状態を『ミストフィールド』にする。『ひこう』タイプや特性『ふゆう』などではない地面にいるすべてのポケモンは、状態異常にならず、また『ドラゴン』タイプの技の受けるダメージが半減する。すでに状態異常の場合は回復しない。道具『ミストシード』を持ったポケモンは『とくぼう』ランクが1段階上がる。
ミストフィールド,フェアリー,変化,-,-,-,10,×,×,全体の場,攻撃後、自分が『ひんし』状態になる。場の状態が『ミストフィールド』で、自分が『ひこう』タイプや特性『ふゆう』などではなく地面にいる時、威力が1.5倍になる。
みずしゅりけん,みず,特殊,15,90,100,20,×,○,1体選択,必ず先制できる(優先度:+1)。1ターンに2～5回連続で攻撃する。(第6世代は物理技)
みずでっぽう,みず,特殊,40,90,100,25,×,○,1体選択,通常攻撃。
みずのちかい,みず,特殊,80,130,100,10,×,○,1体選択,ダブルバトルで、技『ほのおのちかい』と組み合わせて使用すると4ターンの間技の追加効果が出やすくなり、技『くさのちかい』と組み合わせて使用すると4ターンの間相手の『すばやさ』が下がる。また、威力が150になる。この技は、特性『よびみず』の攻撃対象を変更する効果の影響を受けずに攻撃できる。
みずのはどう,みず,特殊,60,110,100,20,×,○,1体選択,20%の確率で相手を1～4ターンの間『こんらん』状態にする。
みずびたし,みず,変化,-,-,100,20,×,○,1体選択,相手を『みず』タイプにする。
みだれづき,ノーマル,物理,15,90,85,20,○,○,1体選択,1ターンに2～5回連続で攻撃する。
みだれひっかき,ノーマル,物理,18,100,80,15,○,○,1体選択,1ターンに2～5回連続で攻撃する。
みちづれ,ゴースト,変化,-,-,-,5,×,×,自分,次の自分のターンまでに相手の攻撃で『ひんし』状態になると、相手も『ひんし』状態になる。ダイマックスしている相手には効果がない。第7世代以降は、連続で使うと必ず失敗する。
みねうち,ノーマル,物理,40,90,100,40,○,○,1体選択,この技のダメージで相手のHPが0になる時、相手のHPを1にする。野生のポケモンを捕まえる時に便利。
ミラーコート,エスパー,特殊,-,100,100,20,×,○,不定,相手の特殊攻撃のダメージの2倍をその相手に与える。『ダブルバトル』の時は最後に受けた技のみ有効になる。必ず後攻になる(優先度:-5)。
ミラータイプ,ノーマル,変化,-,-,-,15,×,○,1体選択,自分の『タイプ』を相手と同じ『タイプ』にする。
みらいよち,エスパー,特殊,120,140,100,10,×,×,1体選択,2ターン後に攻撃する。交代した場合は同じ位置にいるポケモンに攻撃する。タイプ相性の影響を受ける。
ムーンフォース,フェアリー,特殊,95,130,100,15,×,○,1体選択,30%の確率で相手の『とくこう』ランクを1段階下げる。
ムゲンダイビーム,ドラゴン,特殊,160,150,90,5,×,○,1体選択,使用した次のターンは行動できない。
むしくい,むし,物理,60,110,100,20,○,○,1体選択,相手が持っているバトルに効果のある『きのみ』を奪って、自分に使う。
むしのさざめき,むし,特殊,90,130,100,10,×,○,1体選択,10%の確率で相手の『とくぼう』ランクを1段階下げる。音系の技。相手の『みがわり』状態を貫通する。
むしのていこう,むし,特殊,50,100,100,20,×,○,相手全体,100%の確率で相手の『とくこう』ランクを1段階下げる。
めいそう,エスパー,変化,-,-,-,20,×,×,自分,自分の『とくこう』『とくぼう』ランクが1段階ずつ上がる。
メガトンキック,ノーマル,物理,120,140,75,5,○,○,1体選択,通常攻撃。
メガトンパンチ,ノーマル,物理,80,130,85,20,○,○,1体選択,通常攻撃。特性『てつのこぶし』の時、威力が1.2倍になる。
メガドレイン,くさ,特殊,40,90,100,15,×,○,1体選択,相手に与えたダメージの半分だけ自分のHPが回復する。
メガホーン,むし,物理,120,140,85,10,○,○,1体選択,通常攻撃。
メタルクロー,はがね,物理,50,100,95,35,○,○,1体選択,10%の確率で自分の『こうげき』ランクが1段階上がる。
メタルバースト,はがね,物理,-,100,100,10,×,○,不定,そのターンに最後に受けた技のダメージの1.5倍をその相手に与える。
メテオドライブ,はがね,物理,120,140,90,5,○,○,1体選択,相手の特性の影響を受けずに攻撃する。
メテオビーム,いわ,物理,100,130,100,10,×,○,1ターン目に100%の確率で自分の『とくこう』ランクを1段階上げ、2ターン目で攻撃する。
メロメロ,ノーマル,変化,-,-,100,15,×,○,1体選択,相手が自分とは異なる性別の場合、相手を『メロメロ』状態にする。『メロメロ』状態になると、50%の確率で相手は自分に攻撃できなくなる。自分と相手の性別が同じ時や、どちらかが性別不明の場合は失敗する。
もえつきる,ほのお,特殊,130,140,100,5,×,○,1体選択,攻撃後、自分は『ほのお』タイプではなくなる。自分が『ほのお』タイプではない時は失敗する。自分が『こおり』状態の時でも使う事ができ、使うと『こおり』状態が治る。
ものまね,ノーマル,変化,-,-,-,10,×,○,1体選択,一時的に、相手が最後に自分に使った技が使えるようになる。PPはコピーした技のポイントアップ未使用時の最大値となる。交代すると元に戻る。相手の技が第7世代のZワザの場合は失敗する。
もりののろい,くさ,変化,-,-,100,20,×,○,1体選択,相手の『タイプ』に『くさ』タイプを追加する。
もろはのずつき,いわ,物理,150,150,80,5,○,○,1体選択,相手に与えたダメージの1/2を自分も受ける。
やきつくす,ほのお,特殊,60,110,100,15,×,○,相手全体,相手の持っている『きのみ』や『ノーマルジュエル』を使えなくする。
やどりぎのタネ,くさ,変化,-,-,90,10,×,○,1体選択,使用後、毎ターン、相手のHPを最大HPの1/8ずつ減らし、その分自分のHPを回復させる。自分は交代しても効果が引き継ぐ。『くさ』タイプのポケモンには無効。
やまあらし,かくとう,物理,60,80,100,10,○,○,1体選択,必ず急所に当たる。
ゆきなだれ,こおり,物理,60,110,100,10,○,○,1体選択,そのターンに相手の技のダメージを受けると威力が2倍になる。必ず後攻になる(優先度:-4)。
ゆびをふる,ノーマル,変化,-,-,-,10,×,×,自分,ほぼすべての技の中からランダムで1つ使う。
ゆめくい,エスパー,特殊,100,130,100,15,×,○,1体選択,相手に与えたダメージの半分だけ自分のHPが回復する。相手が『ねむり』状態の時だけ成功する。
ようかいえき,どく,特殊,40,70,100,30,×,○,相手全体,10%の確率で相手の『とくぼう』ランクを1段階下げる。
ようせいのかぜ,フェアリー,特殊,40,90,100,30,×,○,1体選択,通常攻撃。
らいげき,でんき,物理,130,140,85,5,○,○,1体選択,20%の確率で相手を『まひ』状態にする。
ライジングボルト,でんき,特殊,70,140,100,20,×,○,1体選択,場の状態が『エレキフィールド』で、なおかつ相手が『ひこう』タイプや特性『ふゆう』などではなく地面にいる時、威力が2倍になる(自分も地面にいれば、フィールドの1.3倍の効果もさらに加わる)。
らいめいげり,かくとう,物理,90,90,100,10,○,○,1体選択,100%の確率で、相手の『ぼうぎょ』ランクを1段階下げる。
ラスターカノン,はがね,特殊,80,130,100,10,×,○,1体選択,10%の確率で相手の『とくぼう』ランクを1段階下げる。
リーフストーム,くさ,特殊,130,140,90,5,×,○,1体選択,攻撃後、100%の確率で自分の『とくこう』ランクが2段階下がる。
リーフブレード,くさ,物理,90,130,100,15,○,○,1体選択,急所に当たりやすい(急所ランク:+1)。
リサイクル,ノーマル,変化,-,-,-,10,×,×,自分,自分が最後に使用した持ち物の道具を手に入れる。道具を持っている場合は失敗する。
リフレクター,エスパー,変化,-,-,-,20,×,×,味方の場,5ターンの間、相手の物理攻撃のダメージを半分にする。味方が複数の場合は半分ではなく2/3になる。急所に当たった場合は軽減されない。交代しても効果は続く。
リベンジ,かくとう,物理,60,80,100,10,○,○,1体選択,そのターンに相手の技のダメージを受けると威力が2倍になる。必ず後攻になる(優先度:-4)。
りゅうせいぐん,ドラゴン,特殊,130,140,90,5,×,○,1体選択,攻撃後、100%の確率で自分の『とくこう』ランクが2段階下がる。
りゅうのいぶき,ドラゴン,特殊,60,110,100,20,×,○,1体選択,30%の確率で相手を『まひ』状態にする。
りゅうのはどう,ドラゴン,特殊,85,130,100,10,×,○,1体選択,通常攻撃。
りゅうのまい,ドラゴン,変化,-,-,-,20,×,×,自分,自分の『こうげき』『すばやさ』ランクを1段階ずつ上げる。
りんごさん,くさ,特殊,80,130,100,10,×,○,1体選択,100%の確率で相手の『とくぼう』ランクを1段階下げる。
りんしょう,ノーマル,特殊,60,110,100,15,×,○,1体選択,同じターンに他のポケモンも『りんしょう』を使おうとすると、『すばやさ』に関係なく最初に使用したポケモンに続いて使用でき、最初以外の『りんしょう』は威力が2倍になる。音系の技。相手の『みがわり』状態を貫通する。(ダブルバトル用)
れいとうパンチ,こおり,物理,75,130,100,15,○,○,1体選択,10%の確率で相手を『こおり』状態にする。特性『てつのこぶし』の時、威力が1.2倍になる。
れいとうビーム,こおり,特殊,90,130,100,10,×,○,1体選択,10%の確率で相手を『こおり』状態にする。
れんごく,ほのお,特殊,100,130,50,5,×,○,1体選択,100%の確率で相手を『やけど』状態にする。
れんぞくぎり,むし,物理,40,90,95,20,○,○,1体選択,連続で使用すると攻撃が当たる度に威力が倍増していく(最大160)。攻撃が外れたり連続で使用しないと元に戻る。
ローキック,かくとう,物理,65,85,100,20,○,○,1体選択,100%の確率で相手の『すばやさ』ランクを1段階下げる。
ロケットずつき,ノーマル,物理,130,140,100,10,○,○,1体選択,1ターン目に100%の確率で自分の『ぼうぎょ』ランクを1段階上げ、2ターン目で攻撃する。
ロックオン,ノーマル,変化,-,-,-,5,×,○,1体選択,次のターン、使った相手に自分の技が必ず命中する。
ロックカット,いわ,変化,-,-,-,20,×,×,自分,自分の『すばやさ』ランクが2段階上がる。
ロックブラスト,いわ,物理,25,130,90,10,×,○,1体選択,1ターンに2～5回連続で攻撃する。
ワイドガード,いわ,変化,-,-,-,10,×,×,味方の場,必ず先制でき(優先度:+3)、そのターンの間、自分と味方は相手や味方が使った複数のポケモンが対象の技を受けない。(第6世代までは、変化技は防げない)
ワイドブレイカー,ドラゴン,物理,60,110,100,15,○,○,相手全体,100%の確率で相手の『こうげき』ランクを1段階下げる
ワイドフォース,エスパー,特殊,80,130,100,15,×,○,場の状態が『サイコフィールド』で、自分が『ひこう』タイプや特性『ふゆう』などではなく地面にいる時、威力が1.5倍になり(フィールドの1.3倍の効果もさらに加わる)、また相手全体を攻撃する(その時ダブルバトルではダメージは0.75倍)。
ワイルドボルト,でんき,物理,90,130,100,15,○,○,1体選択,相手に与えたダメージの1/4を自分も受ける。
わたほうし,くさ,変化,-,-,100,40,×,○,相手全体,相手の『すばやさ』ランクを2段階下げる。『くさ』タイプや特性『ぼうじん』、道具『ぼうじんゴーグル』を持っているポケモンには無効。
わるあがき,ノーマル,物理,50,1,-,1,○,○,ランダム1体,すべての技のPPが0になる等して使える技がなくなると使える。自分の最大HPの1/4を自分も受ける。『タイプ』に関係なくダメージを与える。
わるだくみ,あく,変化,-,-,-,20,×,×,自分,自分の『とくこう』ランクを2段階上げる。
ワンダースチーム,フェアリー,特殊,90,130,95,10,×,○,1体選択,20%の確率で相手を1～4ターンの間『こんらん』状態にする。
ワンダールーム,エスパー,変化,-,-,-,10,×,×,全体の場,5ターンの間、すべてのポケモンの『ぼうぎょ』と『とくぼう』の能力値が入れ替わる。もう1度使用すると元に戻る。
